lfc.1h	lfc.2h	lfc.4h	lfc.6h	lfc.10h
1.34646335638245	2.16609031289419	2.13854183065629	2.58206900952812	1.95771546114811
2.0990050212376	3.39486822766787	3.70977813014275	3.72079940586314	3.33624953499131
3.76303968553107	6.74523217451937	6.90981153108288	6.7694910582871	4.18962419051083
2.10450232624955	2.99606173445858	3.13580416400323	3.33533303239998	3.48246731436111
2.61846734027258	3.88406765097624	4.33479405115128	4.52266260609671	3.05370152806829
1.35068600700196	2.12188924303173	2.54978203078745	2.57397054019909	1.90722371371308
1.57964860045941	2.57117046468862	2.87651062722748	3.08956829483943	2.18262576738262
1.50087412461923	2.53537950739703	2.63672659591279	2.82698638124538	1.43437196637039
1.52183302180049	1.82529832072676	1.94059364612547	2.03334161266025	1.60166861789552
2.02815923467825	2.92699861420179	3.13633376693451	3.33923573704777	2.3650110519928
1.64135813584463	2.42447838615824	2.19766343949134	2.56803959721515	1.96740919938665
2.10745098050743	2.9634575095051	3.18784303291732	3.41000652917692	2.66679810365986
1.60652554259208	2.47552124463312	2.70754198724186	2.88300295124601	2.43400302716433
1.73437236870736	2.43435958860539	2.69467465673108	2.93185039995277	2.24521426507065
2.36270945051586	3.89816968523874	3.79978613452977	3.81639625115769	3.26407576984105
1.12395151197604	1.50550037238146	1.67694542450988	1.80996620542367	1.46075175896939
1.44695777935603	1.93683667443718	2.17138082293054	2.29064862096749	1.62127469840919
1.82481767186396	2.88772722583665	3.18327220665309	3.40835758171418	2.26929847811897
1.6091910831589	2.48504362726716	2.78418150451431	2.74380457771487	2.77658683118716
1.24902071240635	2.22214813240437	2.52115132036088	2.72762026412272	2.78104038173221
1.19099382694537	1.87475550749172	2.2636499217171	2.41105017951971	2.02986076992091
1.61414355748596	2.49027399366975	2.89997529416593	3.10200526859945	2.29726737030609
1.84743184690587	2.63120935442248	3.03454872674704	3.20582338067704	2.42074255280287
1.59180178976856	2.4600313357819	2.63846291651672	3.16158183705022	2.54534991190962
1.80782638751092	2.60739647582603	2.85907902640118	3.32315617565653	2.58907687363252
2.19668637141985	3.30823458354165	3.55161675472069	3.66845555979698	3.08176585752579
1.30046292731247	2.16556161327777	2.32221526959007	2.73185702494703	2.8347450491514
2.39515244554438	3.48569532346463	3.81317644295096	4.20347369560584	3.11862207913737
2.07538457265104	3.4791467921222	3.35387927904707	4.07394989086195	2.40353170402558
1.78563444570188	2.79609610511299	3.24858312353716	3.54865187263134	2.12168889900253
4.81887770790163	5.95546314438839	5.67019648186471	6.63974233062552	1.53439025703567
1.5421062505512	1.98686541376352	1.88529740234198	2.53357096399707	2.58968658351544
1.72743467713269	2.35279444989807	2.40893944957046	2.54725943410557	1.35097701387946
1.64385962677409	2.41007421237793	2.62745459334878	2.77352237467152	2.07774772283655
2.1800415764503	3.07327949396354	3.51136025483871	3.3746326162808	3.02379825449124
2.07527093652927	3.35688776369507	3.32849622033472	3.80978429490748	1.33768957864788
2.04754574629467	3.00706644669401	3.41121170520799	3.52777631793697	2.60858850085857
1.43943503843087	2.19697674464839	1.70917906120267	1.92604091631764	1.70041946852444
1.77308289098756	2.3311780264761	1.97952335722035	2.59820327353044	1.84723094977157
2.06741050117632	2.96860126587364	3.10024443402767	3.34522615747963	2.43979318426335
2.04776043335742	1.87046260879148	2.97939163264979	2.56811184600466	3.28286001299656
3.07804219269564	3.82569536989163	4.11741512366388	4.47851712650192	3.06775101348236
1.69795109374509	2.57383960646132	2.92863098158439	3.31257840455532	2.87476749290685
1.10943039160068	1.9837681354803	2.17592680375708	2.49005293890185	1.72640204183109
1.86541422994258	2.77618408896313	2.73150258037911	3.46610926123828	2.67377432907339
1.59484040018514	2.33737615863433	2.60064019450985	2.70626302257337	2.14442993629635
5.33648840706449	6.46026596487753	7.36786658484729	7.10921194010806	5.32810221566766
1.8388496130101	2.14754648570494	2.12109649088631	2.26006505027392	1.89880159623351
1.60954384857521	2.51257313563641	2.94782968699694	3.2248936442084	2.8716831834711
1.79960431342474	2.50540984149905	2.79331774206396	2.88822152131354	2.41810201781839
1.47573965988374	1.79266228691339	1.47386642496262	2.00514006201163	2.85845386453553
4.64193118350303	5.49065939516662	5.94449161613508	6.39170784988185	3.18420389617357
1.75866574985722	2.92283692047461	3.02453677736028	3.59674620119047	2.27213372110897
4.42183653575222	3.98907091383912	3.91590501186683	4.2433239538822	3.21072081426434
1.89295200537829	2.86946293601061	3.11381769115728	3.05823014162557	2.30983364651703
1.70261918889015	2.84619466274141	2.99901409333826	2.97161016820581	1.34698853740563
1.62195788858143	2.86564220669533	3.09195837887297	3.45903615162558	3.30044278139066
1.78635489885686	2.65903234551563	2.93869887499148	3.25261482019291	2.70919881011233
1.37312816681134	2.07085677648109	2.26447248469835	2.70636526009006	1.54618340144409
1.88532750178929	2.81080387339883	2.99820797780488	3.31242194811927	2.71302912990338
1.47991394237031	1.82316933671576	2.3271001122795	2.61522280629255	1.37626519556305
4.5504198505656	5.32520490305886	5.09888763074485	5.44707002915099	4.72228782587338
1.49162187258588	1.98960841713517	2.2604994799509	2.66507440745181	2.27107803268443
5.55229846167156	5.96455553221143	5.84057255066679	6.56832564737924	3.63456106183141
1.37107500028382	1.94576380203145	2.28016340686656	2.66310507323859	2.3003083315026
1.7917462445479	2.31039676073644	2.90153331441563	3.13495353406165	2.85922487787724
1.93245472964928	2.7627442670511	3.09685012592542	3.36582290400277	2.1183537960887
2.3845592037539	3.46251345115994	3.55945323081921	3.88970284091643	2.98599573380824
1.71942814489173	2.33905744678182	2.59258573089568	2.76822434718653	2.19199849371242
4.28965799139355	5.6613164599323	6.09319780524159	5.51321775669363	1.58996894610458
3.72031594197769	5.00380850264946	5.54016447420019	5.6443797803342	2.79836721087438
1.79751742944457	2.95297087737724	2.73392283469502	3.42733916075987	1.22591277357654
1.96561963265964	2.89676708809271	3.1633106174335	3.19668350609434	2.48433493000567
2.99615999780675	3.5621591913056	3.79559619377167	3.91306861294255	2.06445041001298
2.72165397344589	3.26809357145858	3.66458330463553	3.85366036439277	2.38089681028511
1.18350108810658	2.03140764893891	2.41726712846379	2.51676389318158	2.45337515911546
3.7615397682858	3.98402769306857	5.06758754838916	4.51235330725784	2.31311344175787
1.93839203844965	3.04556599855145	3.35269752662765	3.5081801061473	2.84271916274765
1.62644259882307	2.27089358961421	2.45278585099948	2.61790860489141	1.93397677598363
1.9345200730217	2.56723838862754	2.44395396728439	3.09138153021185	2.07692204878894
1.29134274804841	1.88760408435859	2.16850150807106	2.4802603153787	1.35478599008985
5.44416763370942	6.54172326607262	6.73495877288209	7.07452288882039	2.88863624992425
3.80779308805596	4.83908720216388	5.27423333529207	5.36224309232006	2.89454867452876
1.797508786791	2.86662118783948	2.90416821789667	3.23396571401633	2.4306507024497
1.97021745183665	3.15495245384572	3.18242978867283	3.10586612038583	1.67208610325039
2.07545489456252	2.69123362367872	2.91180897525702	3.35108502673943	2.99614557135107
1.54504089076376	2.29229809537563	2.15348119823408	2.47378552197726	1.6767507923728
2.21517478257035	2.871871842456	2.91605174905255	3.50039892181966	2.13094869595408
2.37646068780157	3.08702673721916	3.22346847298306	3.57862429680744	2.60404322199435
5.19667761681347	6.14010765563317	5.62587896566382	4.99553673965458	3.6369928469189
1.28516943850775	2.35318366730793	2.47420075575883	2.78541861881292	3.22225940130967
2.44240581536562	3.32353966849574	3.34428270400431	3.71704039658682	3.91205126287585
2.76095974780929	4.03620867802804	4.47422487559063	4.62226357251166	3.54372360962525
1.19558479987924	2.08347233274245	2.23196078899122	2.46623103712012	2.36998735152685
1.45803926508582	2.16460190385463	1.88296835781254	2.5858705502054	3.13255039932656
2.78849988376173	3.52219548936029	3.21180748755145	3.52111790955972	3.35355961090697
3.6695553992869	4.83757544569332	5.79455410209781	5.64267535302708	2.48817424065659
2.05238873373497	3.56707887099634	3.74603097927872	4.11245266171654	3.54587953854372
1.54414219874747	2.64585169650965	3.04480908743442	3.16797962327726	2.56511364527577
1.59413058615808	2.10102350795774	2.32714090238287	2.68366527986145	2.2972699188238
1.91205086396444	2.92968967344421	3.18728866796707	3.58393387462658	2.86479618048031
3.33287566846675	3.34110558120294	4.15993795967547	4.08617689589168	1.80525211831166
1.9760910203608	2.73207783109283	2.95028635045943	3.10120947791935	2.52725629810374
1.72892801085247	2.63932517722279	3.19774272963014	3.34971728515464	2.07707580453633
2.7889253663753	3.76090997025282	4.07582134918153	4.45120273059617	3.23432950843749
1.56003586959996	2.43705902126925	2.6962049993605	3.01261668355157	2.63234068610871
1.20885403178856	2.00078424478713	2.23170498087317	2.54248972797616	2.12475889026025
1.44821492175179	2.3437104366242	2.60367145128796	2.79898537031811	2.29121861990575
1.64357498388576	2.67437890121335	3.04878383976044	3.09019429393684	3.32169096093465
1.33911230004503	2.19336290080746	2.19162426225486	2.90162663572164	2.04381338911934
1.44081704780411	2.2888373016183	2.39886170381318	2.8130928058504	1.16109484462521
1.89501017628006	2.95150906774102	3.35101601427164	4.01743123828884	1.37888805075598
1.75851658356651	3.21572932822131	3.29781131310562	3.82482971249203	2.95007224243433
1.98574648657661	3.45339033812105	3.3741992452932	4.13514596609637	4.06653248758395
2.18384152360651	2.8661475150418	2.92066783636796	3.31755850342885	2.34212169492658
1.76937887371125	2.67311363361151	3.00936190867525	2.8739231508695	2.05783941589343
1.45212588966272	2.2125359557203	2.39143599571431	3.04328294312258	2.30809148103979
2.62736574778732	3.35303678972621	3.47739325126225	3.73532940492403	1.83761154818689
2.12546867299689	3.40206730117603	3.79715093718561	3.67312138863695	2.02826843750752
1.52905647950978	2.28816460456386	2.41139839809368	2.26452761849437	1.12266928995815
2.71620204755634	3.64601944153338	3.54485847163781	3.88144144601838	2.45272360297796
1.13063060645826	1.70120281500905	1.95072440216459	1.97516555479516	1.11179607566244
2.09124011794443	3.21615037561787	3.83788376816449	3.75869849179257	2.82022597991792
2.43102901083813	2.81899297743476	3.09894048605823	3.54665021439437	2.25259351565991
1.04751764034294	1.75543118206449	1.9726026837813	2.0914079604445	1.81913688025625
1.52292590015961	2.11677094385927	2.44104745785489	2.55882668415181	2.71779090779996
2.19785995906099	3.2402728878066	3.44501863998304	3.79894305858507	2.6433718175977
1.88078642911113	2.89082668849557	3.38704881845208	3.61259080089373	2.38113756718744
1.88835737888051	2.90385400980027	3.30053309515933	3.25764534062623	2.62615535070692
2.38330482718508	3.37603513241248	3.45610575917546	3.27242155451665	1.98623756559935
1.41176921683325	2.02527260765788	1.92679988370156	2.18448997639393	3.35321658105826
3.02960765463994	3.80266057271726	4.03107278626009	4.05996917297123	2.26559484690942
2.13472323395632	3.12413093578468	3.44059535828497	3.70818528030262	2.99132840395277
1.40994637458589	2.2036664027892	2.55537305494878	2.80416772540308	1.87745165677153
1.61981107213764	2.76610155377927	2.81258006394147	3.30942504021846	2.86537725638862
1.28930556663544	2.12960735128075	2.42713955103263	2.69233678688563	2.22685083187765
1.73779872804877	2.57133197985015	2.90952069767189	3.22587654965421	2.5276688118825
1.70726180646679	2.23286844625206	2.40014099792661	2.90948005087063	1.97899585960385
1.78568145082181	2.87749644177076	2.92803862317452	3.48111678324236	2.86728613301003
1.52410693746549	2.24091719807015	2.38095337479032	2.63304551778609	2.36932429450342
1.49934890194022	2.24252342107857	2.5392157938085	2.58428740107717	2.03884693319882
1.65907076664076	2.62746973356721	2.67132456329752	2.98720011852659	2.12065667831931
1.8509623965041	2.91418707489136	3.13656470403421	3.42901300699429	2.97449111784724
1.45464647277303	2.17678671360344	2.41972192000251	2.76655393002423	1.83431268767158
1.3825073418466	2.15413372556727	2.17183098649434	2.60760012540471	2.25073354974344
2.34871063357175	3.0306593976287	2.65661375244579	2.81317188046873	5.56012761830336
1.31370341576353	1.96252381282022	2.1802088329065	2.10737570103113	2.31097201699991
1.34907136063701	2.16077053988953	2.62583330718008	2.69292455582038	2.12487655296967
1.05230309310378	1.76605785701609	1.84115391442607	2.31611656146392	2.24686384406852
1.4319741885637	2.19795218245006	2.31388908156784	2.46798242167745	1.81994868153707
3.45085968509137	4.14063021973976	4.10305406516318	4.4752936214	3.37772750263711
2.01730832326548	2.85414450977933	3.1654452165114	3.37323976217405	2.6026668223032
1.08891023933228	1.8285826744076	2.01621632981216	2.21136660255477	2.52395490926541
1.29636335262035	2.0215688001926	2.21994077325994	2.64431062026018	1.32058196069508
1.02320097226533	1.49400873043555	1.92147208989974	1.82027239957021	1.80864192904905
4.64001495091919	6.56365501938218	6.45203941007764	6.71283093563454	4.55385902934207
1.4796052881392	2.34927146818398	2.45464264130567	2.67239328412233	2.16754053896379
1.89721706300655	3.21441318820021	3.53854807434572	3.39791124599328	3.71159393217313
2.40169080065369	3.37091708308148	3.79783263845982	4.06392894567498	3.07233137431046
1.73014665685849	2.69392315229776	2.85081949931645	3.0044924745584	2.20996064309715
1.884853750516	2.76691509810399	3.05942803088594	3.32244443547956	2.37023201248126
2.48782329186281	3.10726816649731	3.4398627617782	3.65448347871889	2.68419740832783
1.0799890072096	1.96639891282986	2.14827003970691	2.46607442502619	2.41122003656495
1.44118979778709	2.26094603115035	2.42832585252508	2.77108349335506	2.64689349775585
1.80556866439722	2.90479631154467	3.05793147627152	3.18452454678836	2.86571513341476
2.50913717226369	3.50980405723539	4.01930331315133	4.10778966065243	2.80156520884588
1.17409669542664	1.9367247909347	2.04374839927486	2.47750375093351	2.60536128719642
1.27157549906962	1.92492876943506	2.16949095262086	2.28152943926728	2.01390334398753
2.33509619919923	3.18979539177858	2.74426313190056	2.40732448324905	1.86446417590315
2.02675727033749	2.22810785903727	2.06583724708336	2.7128720958483	2.48626079879353
4.400968478171	4.59925402184699	3.74856034782788	4.05098787604219	2.22282864536176
2.06522224099605	2.4309165514413	2.6237090734868	3.11038078770472	2.73327827437337
1.05810260513921	1.68979261111598	1.62817290101767	2.01955155100418	2.15654585152374
1.87620875837655	2.75072099053886	2.99574084106763	3.24124951110435	1.81964657232566
1.51429638418803	2.70383040648289	2.89291811663527	3.286617885649	2.3946726416073
2.43756575907219	3.48063824407983	3.45166624502428	3.83303621204604	2.90312773837979
1.3697847060963	2.24336674205249	2.44072494927827	2.85862956155266	1.92316920667288
1.65966048116232	2.55081889960222	2.88876757190171	3.01107412528563	2.25154984169231
1.34424151412418	2.23548979345282	2.54983237920669	2.70206294432781	1.83434747726252
1.05485913550861	2.05065032133411	2.25009602563177	2.44985761563906	2.57927477407318
1.70894932344651	2.36422291881636	2.71755712117093	2.87222901189001	2.09207646507853
1.37022038446654	2.09162788307958	2.26701232980329	1.87617171088677	1.87847509371645
1.29285303949548	2.47491324629186	2.72387188521637	2.97175925688805	3.01426990272314
3.6214692967473	4.7078434650562	4.66460221266406	5.29334890783545	2.55782482206615
2.32112902746941	3.40200477390134	3.77242650075117	3.7060634574083	2.91435505425817
1.94214066664492	3.23670360963515	3.36924571626542	3.69718899189276	3.41060174814857
1.65052906446975	1.82998503302793	2.10164823526602	2.5115721006208	1.53294236997013
2.02454251198485	2.97511136519616	3.10870556675513	3.64631383197721	2.69810171145375
1.79762422310354	2.58201244836924	2.92777795198685	2.99973186466688	2.34263081317831
1.77937579240649	2.16099124646134	2.52554221070514	2.94789406676367	2.57404818969004
2.04686711509837	2.81891110288068	2.9285295497907	3.21960898247025	2.87721315775477
2.26641952450649	3.35541478793557	3.78139188796717	3.84039818761134	3.158775173217
1.52578113336916	2.95640451824607	2.83672197906061	3.06337289084732	2.51666764499446
1.64778901018792	2.35870287519143	2.77385402289138	3.29143056070967	2.7397985987039
1.99712863355377	2.52129934325389	2.88634449788187	2.78935778897201	1.2880612398496
1.18479780641811	1.54000978924813	1.59175459643304	1.66926746007994	1.30762806685531
1.67075970299335	2.65885552200784	3.01634000364886	2.96522034926741	2.41449572017935
1.63795600803127	2.39886162163614	2.49133690732971	2.94879112156287	3.1813110331158
1.73921289225335	2.59723744908644	2.47810677630359	3.26480606269195	2.57098104585815
1.59073008069904	2.25271147826165	2.47712122794371	2.7140153369457	1.8880103815393
3.02226449724955	3.42502284525747	3.41976046820519	4.62473164462002	4.07799504511839
3.66453798915727	3.06697583711351	2.58213895190299	2.40891588510282	3.54338881516493
3.07137379637485	3.58506513672384	3.26564293140615	4.36846358156606	3.12754534655793
1.36907200698144	2.06837179509077	2.40688086816016	2.75041175351829	1.85173606175397
2.19279998642175	3.22624632958202	3.53400719045821	3.40394384577536	2.42428600721317
1.84649922932961	2.70317611257179	3.01698518871873	3.09964941292591	2.67953543111645
1.56762557300048	2.5504258956677	2.89562843008419	2.94635765927604	2.92987708134117
1.8646413916943	2.68117755515829	2.90829127292884	3.12050711757594	1.18988566633235
1.98137613871919	3.1106502378586	3.48707002673419	3.67173056365136	2.56612490160483
1.30268261733023	2.21769647696419	2.56574268582155	2.57955712407805	2.05368214610673
1.81830777313718	2.96085544801124	3.15721203328618	3.21289915965988	3.55624408917837
1.72296159480632	2.62258729069969	2.75941268808665	3.15219132965765	2.53654909643838
1.94123945836119	3.02640847659739	3.37785393639015	3.62688776681664	2.31441403946833
2.21454709888766	3.17935800216352	3.48071183338536	3.71625707356957	1.83627452965105
2.41191751224778	3.12362760356276	3.23896197629185	3.37343438630073	2.50973029867407
1.22786664180784	1.93428247996329	2.09423293224587	2.04019861811466	2.07787392337594
1.10103565059763	1.74052922393124	2.13332232574716	2.30805140300294	1.72040030927105
1.28211263438626	1.91584755795929	2.52584209582002	2.59564735678085	2.30087704651276
1.13553219721252	1.59622981976894	1.6580701869146	2.17084816437867	2.18571542497237
1.98036509415962	3.25378584390477	3.57317861042065	3.87123714368559	3.72071279086283
3.87384342548527	5.84997221538895	6.25658790498934	6.32618254384322	5.64812939097016
2.31278393219787	3.27261856501115	3.38589629630079	3.79301388126155	2.68834268985399
1.53051163168699	1.84315014041457	1.51427492717696	2.55176881163157	1.81927391024031
2.13246039118328	3.21101000798994	3.43698856242626	3.42849835183124	3.36707549738968
1.70899152632513	2.47498630956935	2.91678321470187	3.36647380589645	2.60780113033882
2.87333259169486	3.70691932347884	4.02990623427669	4.5272593041512	2.93313956904004
1.43460177566674	2.30192693132315	2.6598295192857	2.74672099174275	2.98764906785756
2.50958199247002	3.7762882428291	4.33893412790812	4.17366190933708	2.05411534628
4.21497779994999	5.43765063830483	6.37654760079165	5.70964273351263	5.91055343544638
1.32546426905749	2.27448102216073	2.57295465826731	2.56090357517579	2.49509041701975
1.609620388275	2.41971702223058	2.72334846658181	2.95390436451494	2.47490800394055
1.40571819877778	1.94153034710518	2.17764798346591	2.34630577225032	1.25668147138999
1.07689151972546	1.88966725486776	2.22993578926415	2.29915743718207	2.16679886167283
1.96892730587476	2.74528591621897	2.94870733489083	3.39758963254767	1.94649390874507
2.2029579189994	3.20931810142399	3.70925413100731	4.0841451157564	2.83914139823226
1.74620590169806	2.73389197476558	3.22482387256964	3.42394002224546	2.63817369159575
1.12085998892199	1.74303428747613	1.80090824223702	2.18267905650483	2.52074822524645
2.13711717362348	2.9805721995353	3.16084401243469	3.3807409926362	2.32771087466236
1.40483547225033	2.14223028870641	2.52856605305625	3.00323667319454	1.52998678437946
4.92342682844066	5.61381721262898	5.74580024215373	5.38187546494089	2.43231766750193
1.49410214617203	2.31738273606138	2.4820138653968	2.77805212203832	1.85983085549505
3.19003782628224	4.30050447096866	5.23370102713144	5.13517322349157	3.20167418100298
4.2264649375266	5.742214933016	5.93217494081642	5.83655041865369	1.9175109743734
2.04160360092777	3.51402261546848	3.50804806373373	3.47717442249709	2.95789938988435
5.00098293813383	5.65313321364986	6.33951310930064	6.32572707502012	3.77317432542513
4.61577075322116	5.58321768195202	5.68486822740753	5.58284740775642	1.24554779645703
1.28115727523185	2.27028644664656	2.68962117970103	2.90305379964607	2.40033009878719
1.59871718153323	2.63600165231008	3.17448326643872	3.24725337113973	2.6042165329807
4.51457019655951	4.69287413239215	4.98306504693248	5.49531246053151	2.65099265240289
1.66675031990473	2.31138828240226	2.58496016215827	2.69379682071049	2.76376771555329
1.18901748474728	1.93030569477379	1.97525888048887	2.41801721632562	1.08240155399646
1.74311004938747	2.8930190973466	3.05554432551219	3.30252301525851	2.78018374491134
1.53649094247942	2.28363693487736	1.98450182994757	2.10387225230089	2.35114572452392
1.93541796059133	2.98723455591889	3.22572089393095	3.60338472865031	2.97075593404072
2.72496836876965	3.32426578809462	4.02176970603587	4.02067971223934	3.09847606249323
1.35190799062452	2.04981169198276	2.15758339035716	2.45468864663965	1.71298596573737
1.08402562484608	1.61186361271736	1.77942177512913	2.16679678254749	1.48300532193648
2.09688600648954	2.78997199710503	3.15436816043089	3.21579286774895	3.2279988835986
1.98095082451913	3.02388790554343	3.31029286976419	3.52392113775498	3.03032672987045
4.44446431645625	5.66164158339042	5.56570143543285	5.68263990340939	2.3050717445319
1.6371965528428	2.55610287544726	2.963830005195	2.96754968178514	2.37019724634083
1.73749535450819	2.56810496534561	3.10489225185032	3.20747587366088	1.92985752320772
4.27115793486055	5.39947895205356	5.91813151206394	6.04751107460852	3.11922822250038
1.96837388626876	2.60590245154586	2.74314543596358	3.01560363003745	2.08678921276352
2.86400111549755	3.67269471836964	4.0355485739279	4.54894201943511	2.23561260269376
1.80905583595768	2.61138252219374	3.29528341489255	3.09202669663612	1.06928804586221
4.04226366971909	4.05350749151142	4.19644170724124	4.37473748638479	4.7228977725679
5.14766896570196	6.3560371207578	6.11681063310692	6.21630264046893	1.95759928050304
1.32512494868167	1.98070728461441	2.18249889242876	2.65594209553876	1.98499715406442
1.06879201835401	1.60804685985697	1.67242973054323	2.00331453427835	1.54314707269682
3.24222314033079	3.13070149068163	3.28449126011122	3.39307880019222	3.62767604540704
1.86750628623189	2.49916419938466	2.78392684823735	3.16186440018456	2.24631565576458
2.12419414355623	2.80316624748362	2.85897616733648	3.35721700263808	2.64845150064665
1.95800342415477	2.571008409797	2.67006097019042	3.12256371438568	2.03579764820789
1.99867278291278	3.27609389286522	3.4119863103727	3.54650465966555	2.96041079562267
1.82404514114657	2.80558272833377	3.11074440666201	3.07129816848009	1.6686250430494
1.38313649186198	2.28825938172105	2.23178708135699	2.59775330153142	2.1667091675091
1.89503599983124	2.9505053851783	2.65458679122572	3.05650915309927	1.4579278922966
2.20491362467962	3.69654107605497	3.79706178932967	4.21204679617781	2.51232338043799
1.17791335446177	2.08541462783606	2.03668975275775	2.410249303153	2.01698613670026
1.81050380979475	2.95990868136864	3.04322572750356	3.49319847572597	1.77740405849577
3.95539565182347	3.6034641072829	3.54606586035405	3.89915775839073	2.68544348321266
2.51726988822966	3.8468848071017	3.89092868981296	4.06438278041895	2.95620338258712
1.21660555028519	1.93280435358938	2.52026945042012	2.2722566022342	3.01477130390246
1.802171469502	2.61827457250689	2.81383696143993	2.9962963283102	2.53533293391718
1.10503937060698	1.58188765342859	1.60175453181905	1.93367962609979	1.42401756807738
1.37633076308661	1.94730965060426	1.7449491635713	2.11862888156765	2.00060883043158
1.65893990354079	2.60320440640738	2.79418672580149	2.96778791667775	2.87535959453947
1.23076203804248	1.95358104624221	2.31970448024429	2.62773466750076	1.13817734378655
2.5150211161913	3.32829670086139	2.85522832178708	3.2471192785389	1.35510182763267
1.2507908458485	2.03311568174852	2.53416360821423	2.83915044654715	2.74062296096688
1.74392365286979	2.45850590521405	2.46247744705637	2.47255524771922	1.87797109487855
2.4926365095181	3.9047343342382	4.04882267543037	4.19749415354457	2.55044153707031
2.05025823866021	3.02597783560239	3.42262642616674	3.39762112005555	2.41099581375222
1.99111067846314	2.86363994376806	3.30366599629982	3.25511967710151	3.04881352191855
1.4977381468376	1.93435367990569	2.28553936184919	2.60571566294491	2.04806651468437
1.0230137622506	1.50046628255948	1.8179996660233	2.08772397959986	2.32489198313888
1.48911152011717	2.43977203800078	2.55456976835777	2.96459093387171	1.88964558581179
1.86055635191076	2.54511687073646	2.51436198448259	2.53360804156593	1.63107996001983
1.32189614320638	2.15261594586701	2.27108539288173	2.53006112525509	2.1845240618784
1.76933299353812	2.79094792800854	2.89687985395093	3.15732414052088	2.61705811427834
2.98313040253962	4.00390037465157	4.37467018548186	4.55415317133425	2.53210880525525
1.77437089975585	2.6593467880834	2.84415976743048	3.23043786083612	2.55591046511132
2.00233864675821	3.10041571527639	3.45687932350009	3.69422886396631	1.91812792964862
1.83695200840972	2.73296582567729	3.05949860689629	3.10797924813141	1.92103264335587
1.72188549618678	2.40323733222958	2.55981591391023	2.67219948848752	2.33773497470144
1.90227699096557	2.85609397298451	3.08769474268977	3.30795723938288	2.89126712198256
2.3360603596473	3.37248564356925	3.61117519628966	3.88410417862765	3.32308724161337
1.13624795105575	2.03995332037082	2.32063036072438	2.48716159090337	1.85178369555978
1.1642740911918	1.71267747896009	1.82382072261421	1.97776322105877	2.04244424826719
1.55546270099105	2.47055442122716	2.54886441367621	3.04612154097688	3.19072698075271
1.02332457053418	1.61385753367181	2.12816860468252	1.86786435567694	1.69805821675638
2.21475811516484	3.28244513998008	3.63899351544879	3.80430509988517	2.51573432803774
3.75734865278867	3.61344000502027	4.44305610759569	4.65936698356399	1.80569616338015
1.18980328228006	1.68465535432817	1.67446214911368	2.11710169425894	2.53262759012588
1.97030202325453	3.14000627861288	3.4145635855752	3.68913999101182	2.99322677119993
2.39971655333565	3.69319035723134	4.02938424900964	4.11685320813482	3.08270579258978
1.3917877795769	2.2746731237241	2.36173168258214	2.78580373156167	2.21330061601971
1.23448700108468	1.60182871052922	1.57975207519127	1.7750122245944	1.68221317395509
1.46230036626323	2.39503983971059	2.66991936570981	2.91171849324611	2.2022055714451
1.85857994097361	2.33493674461658	2.38577263370383	2.80181234919273	2.25974290723586
1.28085133399116	1.73602208114854	1.70183748237656	2.09976127639915	1.8023125154954
4.16640755309336	4.88599204158017	4.9838761719124	4.97605014372369	2.6336838371006
3.17155878919619	4.24613209333209	4.90790368948358	4.68058409968774	2.28710057304354
2.23332265360517	3.03866389960306	3.3469703834866	3.5665943077444	2.73576778310289
1.48402391280089	2.43732583909384	2.61330491068164	2.80113229461381	3.02784645011912
2.53298013480833	3.80758320267412	3.33984576905199	4.15535072327756	2.68808776057989
1.50582357986401	2.48643651618381	2.58252109438627	2.88543244666643	2.73277216663795
1.8557069826555	2.92336148923885	3.15045042840215	3.33970517153862	3.5951643468084
1.71700608649602	2.70555719040512	2.87932376494859	3.07342858272839	2.28794713377601
1.70681088397539	2.73140038239266	2.66117871752027	2.90039799829001	2.97870557388241
2.18406409153097	2.9141425563799	2.81026636319235	3.20124871496294	2.11011511256513
3.98149860719269	5.30417202802743	4.79818533001277	5.10589394380172	3.72414354891903
2.10971805467301	2.91541969851071	3.09150837940912	1.71894804256233	3.79669290915634
3.07990051215361	3.99695818919116	4.61242471913195	4.91992209833479	4.08225134416366
1.43385777168138	1.85729515585046	1.80187400375805	2.39283575732491	1.45953591251927
1.83428110154946	2.46857837639066	2.72395428182775	2.98884721372821	1.13662807121753
1.53558467272166	2.27372938364115	2.46220658148713	2.93469708653084	2.45153776878858
1.197848810693	1.98769109607505	2.21181288838602	2.61617198572476	2.30810834898385
2.11076655193658	3.0800770856943	3.22224002258666	3.57740276706428	3.5322184586795
1.65795360380665	2.66437816985628	3.00267023791102	3.10554186863471	2.41663170636053
2.0286213461596	3.0920277312775	3.57025053996947	3.65053786687944	3.01287054029402
1.7298886169755	2.64893010979404	2.79377156766164	2.77610265536806	2.2224783951492
2.34491831460693	3.33278088877951	3.65588775320751	3.88225852072584	2.56039150869925
2.62337252916613	3.21349308220901	3.16874241928241	3.45766818513744	2.58493239488211
2.41014179995771	3.00076329926471	2.76427411381783	3.67063777031273	3.03338779963875
1.10290285238871	1.3852650119034	1.28269792504687	1.65405030757675	2.61598721103757
1.29386064680568	2.20638540580126	2.61779620704697	2.89198008621871	2.62499683001139
1.35588086772109	1.99475498698751	2.35921643499267	2.22068115359301	2.32450588162247
1.52681244288804	2.36620333822033	2.5413733095744	2.72620307084658	2.19558332346126
1.33944929025726	2.04098627169039	2.00525381645433	1.87216739227079	2.02998084840178
1.57358422262989	1.68894685002276	1.87817965662522	1.99515820356564	1.55848297746336
1.86492601673616	1.94976770760649	2.08315578380408	2.21627134438253	3.06543825250586
1.59180604302318	2.23116469900349	2.76171994874506	2.5584340099287	2.37018262787433
4.29267072620648	5.27925024751367	5.16023615950271	5.1836472327882	2.61266356822061
4.50400268129342	4.69695496745866	6.00213532403499	4.54529448581726	4.32733060275189
1.98205130548196	2.97332580420625	3.1954070379136	3.45474963409703	1.97046419420857
1.00347580675613	1.58514555006623	1.86054197164762	1.93527197431293	2.5323997162109
1.57031235831918	1.86403805028109	2.25500824678972	2.21994881885575	3.21135209511669
1.85195559239155	2.78883133749517	3.01269255580945	3.30632873249354	2.14129469601721
2.14794881857683	3.17010830404586	3.19646587799652	3.61883814121074	2.84449003399773
4.30600951468911	4.62885823219863	5.09190589120715	5.10062741404585	1.18514153599443
2.7618596133728	2.41734861320802	2.89883036803892	2.76582459750914	2.51706742736707
3.17424372264278	3.94428562922643	3.9940501589773	4.45267909925685	2.82201442841356
2.21048853089419	3.25544032020677	3.58328750746815	3.71460685885696	1.95810766140915
5.94522459405208	6.79717954200862	7.25246741670077	7.07833617051599	3.77965298334495
2.50304671937954	3.30553260095656	3.17365426870656	3.5173190275923	2.69914258936143
2.59735219108606	3.87883576609093	4.22641726665081	4.52329447746678	4.01656212843227
4.13440018607726	4.88940746146926	4.17909673327672	4.63818180509375	2.14954159502209
1.45041306162084	2.23054866448307	2.69833718548632	3.06623710536761	2.32386246795926
1.93554931636747	2.65124297631143	2.43184971607813	3.10113212362088	2.09822758334503
3.16251875537146	4.35812782639401	4.51920096941563	4.42504898175376	2.92083429889989
2.02266235838182	2.84783376507022	2.94177970923834	3.37418054327659	1.79362492323486
1.81975136361208	2.4558256361862	2.73933765230772	2.93142950734233	1.73431252092085
1.48631518431201	2.35550545025736	2.92968302735467	2.69380548453029	3.00678352376137
2.14997948390316	3.00257605345415	3.27170365462826	3.67275090622226	3.26600276744984
1.05261444323383	1.50802442087259	1.54801256117486	1.75260881963364	1.52544844610227
1.83378081546033	2.67178293469652	2.87999796173361	3.08214980294606	2.03298203895833
1.27158625496423	1.96158195959781	2.07130099262288	2.09022368511173	2.28441942324228
4.14547438490342	4.51632421751806	5.04597966704505	4.96761374871648	2.44763457434493
1.9675226087028	2.44813247555293	3.07167816324134	3.28814954657173	2.8217454823118
1.8377068675509	2.59353988784314	2.48392634333979	2.71910783273211	1.74241739919823
1.74409179232833	2.7694476903912	3.24478555383349	3.4124877387691	3.22754222875323
5.39226825753011	6.11054036942933	6.2296832521852	6.55786120495693	4.27832967858986
1.75427884447526	2.12905837128905	2.14934258262728	2.40441103803027	2.1741285611935
1.05612257367115	1.42498614818604	1.64043195319573	1.78470456138134	1.21936304221641
1.7765990318657	2.8739061498498	3.2625283960931	3.29022472918565	3.14793545598065
2.09071113295261	3.44906971293479	3.72688969355961	3.87793938955497	3.64870298424318
1.28130251585468	2.09502700713366	2.08531766083816	2.49229454157722	1.75629202142129
2.43889250926398	3.97037385136425	4.21019515243004	4.43090541044838	3.13954261913566
2.76038614879396	2.36856976269558	1.81552625694043	2.34588135737019	1.9625720345359
2.17874280149773	3.05237822184363	3.2011606344435	3.3419289469713	2.61698376430567
1.26354883347959	2.16404002508566	2.43018837813139	2.58919804861439	2.78175941368218
1.14429106460498	2.17827723612775	2.4831652791762	2.87013904602086	1.76887854782198
2.55620240358536	2.60076259877996	2.71901651212513	2.87233110772651	2.89215414013649
1.2522366972225	1.77834725025396	2.16652139939459	2.06783145610066	1.21212063856394
1.14318532996173	1.94999144911616	2.22354630653734	2.49142635850896	1.75423956946826
1.70649303124005	2.71819709869683	3.06721002802692	3.57210863694813	3.12204941033991
1.11300546305569	1.78145976445287	2.37891171835063	2.17953168521936	1.91234860217768
1.26386793975156	1.80114419297554	1.69690423282799	2.12577223859521	1.85464913268264
4.55148447295447	4.96621627113505	5.26191219112979	5.36817025413692	3.77799481051923
1.24373514737977	2.02001552801846	2.18138194742713	2.35703843219452	2.05719938625122
1.61625490531986	2.35905480511098	2.30750241026429	2.94276332844988	1.3806470310544
1.68036070383702	2.46423169807737	2.53415047590995	2.76949540605378	1.79104101104737
1.70363537017256	2.67402025172272	2.92182097860626	3.04292586722987	2.71644570051518
1.85951742765334	2.76205043516934	2.96148954011688	3.38404280313745	2.48101130595318
1.66592645123193	2.59555334818272	2.87972148422076	3.37604480579294	3.2481466165454
2.05354622127174	3.03407123358108	3.36008962386107	3.83507425875292	2.84907457526617
1.79273718593344	2.69845968420426	3.02065629160679	3.02814132467608	2.03203660885274
1.80386560260883	3.65598462526944	3.73179587773854	4.15484626711833	2.45095973351891
4.12890103439638	5.23920977605595	6.27974091821857	6.24916667362946	4.16544973320611
3.15958581136225	4.21755956206186	4.66982991283009	4.96761767448992	2.32087601146751
2.85437160196595	3.52197519269909	3.98156975074633	4.30426547425872	2.8180958052725
2.66817159173613	3.18876864545561	3.62933178038139	3.94271864429372	2.19897408234504
1.70113848651444	2.94923925786861	3.47158290716106	3.39071097204565	3.07369679909401
1.18076938867302	1.95777534523927	2.07929397392296	2.2917522902881	1.84265657645686
1.39641106692248	2.16557625629554	2.6886930866571	2.42850759590954	2.02520450717139
1.63307449071088	2.53069766779324	2.68617885500762	2.91357585570814	2.24136004501226
1.75568691911215	2.21892868999763	2.41244031991668	3.18938079997123	2.32403981801241
1.33889987141181	2.27182634281524	2.539280456071	2.69539087875645	2.13433535379208
1.30190078494839	2.04910203717921	2.28476297835792	2.58899295757983	2.10314000363928
2.23495662224329	3.36741768253406	3.63094570126424	4.00954303782814	2.81552983578891
1.57889018484052	2.5127200701261	2.76554715014532	3.11245795862964	2.14707751916497
2.36183392819034	3.35192985420527	3.58342001249104	3.80683468405307	2.88947471352499
2.05373281979278	3.01208999636126	3.13927883748295	3.70141806372909	2.74129400811025
1.70801209438676	2.39321570172503	2.67478196381055	3.00420216814675	2.49660339871138
2.5464986503887	3.6166299235758	4.06021272300338	4.23916995192591	3.31346955130286
1.39296486736665	2.16079032610352	2.54971932955028	2.49380011108388	2.05573522251637
2.7852450528354	3.93337310300444	4.14638152110149	4.44911136117554	2.97714231190311
1.31048102607524	1.96811724216084	2.30161396297832	2.34158663822973	2.23319359967556
1.44264231696993	2.37437335155083	2.7938958576687	2.93878514850859	2.84768098299516
1.52511153652879	2.00030712181951	2.08764920328944	2.29600860175641	2.46155635177938
3.20986242085556	4.25625896985654	4.38304024076472	5.19798734480989	2.55038589685981
2.14409387778687	3.14928603019155	3.63283190235512	3.89196317548711	3.07245203830064
1.32680780173394	2.36555262271341	2.63069130739667	2.98156846105401	2.62573034336958
2.0122654679721	3.09701909662766	3.4476545822083	3.64206225205656	2.73428917915015
1.26687078125316	1.63236082775273	1.43575132817922	2.01117202377782	2.655889953791
1.55302802076243	2.64784752680887	2.99192635995396	3.13249886432055	2.51349141192098
1.62362856812027	2.80835678290333	3.20255986276808	3.30806687483904	2.36263031720079
2.73247803401266	3.73583971588964	3.82844298793623	4.17930995826725	1.55775230708307
1.98400307606608	2.98946796966194	3.10028992638384	3.3045752601033	2.81770519911171
3.26423500209296	2.88743174408484	4.27371211325572	4.19955684186374	2.94374570300418
1.40658902576962	2.31007201437279	2.79729194224331	2.79979960023221	2.589519967505
2.9760365468631	3.86357106000409	3.97194359812288	3.78201135418849	2.37258977084742
1.97998665637169	2.73373071575391	2.92146788684932	3.45429304205499	2.51027732917037
2.56204435035401	4.03542662037792	4.61453957043365	4.66700526064781	3.1621070889472
2.0982943333722	2.64448753569366	2.56753420651982	3.04615906961079	1.35737804484192
2.10608114207189	2.25972785910345	2.52963290066078	2.92955365832469	1.57911451940165
1.21139932387094	1.85714698807863	2.03612245291706	2.3450575612778	1.93970999909084
2.5569585577878	3.70893170643253	3.93884194917272	4.25441848485767	3.32704571634101
3.34397559561902	4.32291139264936	4.73389575255728	4.92383874669152	2.94874604696368
4.7010980705413	5.78389115040069	6.82292977493714	6.16623617047945	6.52163880021037
1.53096505592447	2.44106117809333	2.65579153502335	2.91048371741528	1.80577789791844
2.39141278645409	3.54540596040016	3.60786605261248	3.56747826296876	2.98467481241671
1.19343285169967	2.32481253793733	2.82708412546819	2.32441543544027	2.71403227302066
4.2548598559423	4.58973876868725	4.55854548986614	4.9366026155253	1.47564931122977
1.70197557183168	2.82647086418127	2.9953966101955	3.29850832233122	2.57183143272473
2.02889282715106	2.89677215196689	3.18233972973716	3.57440660079152	2.69162286981169
1.43664698122567	2.21978343836145	2.67880028525556	2.6442493423491	2.17103351474716
1.08304364892707	2.02993317010088	2.15616910501258	1.99525105726024	2.92749713411888
2.17667056867897	3.29351503584695	3.55898872795792	3.92474970703722	2.78188969923673
1.28683256721473	2.20954866873468	2.39198222206657	2.72132295540328	2.39091682452034
2.08945125703184	3.16339639496265	3.47455058744231	3.65286482441753	2.4607814207564
2.64760578323972	3.44611109653967	3.89757480845515	4.03774435610757	2.40246129009005
2.46736994944965	3.32345334859193	3.4066105862513	3.93024270559706	2.27059798126586
1.60467665124405	2.39688951112368	2.76438217132951	3.06651475496085	2.11211382706965
1.63251102872381	2.62448034691897	3.12408868673375	2.8762621771036	2.59164822705645
1.00286870191813	1.44181833355783	1.52911387072081	1.73975075774971	1.26266902891315
1.62559047666663	2.62986606853156	2.82459935113934	3.12166835629694	3.30574717171373
1.55396754594364	2.59523411456796	2.91292624728295	3.18189942704633	2.68722481981957
1.68042405940319	2.74156967599823	2.940761903531	3.11318907533452	2.14493200230556
2.67418157288932	3.4747715400587	3.65496891180821	4.20126521005453	2.44082827489834
1.63827043998838	2.59122835277704	2.8442699042931	2.88452835547835	2.37452571405495
5.25790802328298	5.64857807293874	5.33957938325427	6.4807076063395	4.07819786562792
1.74512938698061	2.59390846718665	2.80638151747617	3.14209200712262	2.44534153962947
1.58097816052165	2.58555463324155	2.79136551669301	3.0033509468677	2.62040903916823
1.77098260632604	2.54754233295243	2.91955225634772	3.05029371076071	2.15769547898536
1.35238891365687	2.17706955258662	2.33237112212137	2.40155791288163	1.80339148534642
1.87181405353749	2.73694764409198	3.10741618607763	3.1607200805518	2.70882266037701
1.50569319500163	2.29794692510635	2.48307924952637	2.79097723466899	1.86330158461822
1.90685857913608	3.05468045504918	3.27336330525093	3.5198581454181	2.52844026189855
1.86717584982195	2.83203027760216	3.10001567672147	3.32723089205456	2.34796452496753
1.60479172097224	2.35452215821607	1.91289384261804	2.12059768407844	1.31926639922318
1.49790595457312	2.30897206802057	2.7909694877477	2.82910432877769	2.39703395852982
1.69539433071357	2.65872686130547	2.71166493481077	3.34158020150271	2.4080479290757
1.88704973951346	2.69983678024066	3.01415064217647	3.31108778720487	2.2447049363087
1.52465835171902	2.55710833277738	3.05582556287723	3.1565442490661	2.23726730584757
1.96657903890938	3.06594736149883	3.32905596636469	3.49605554432281	2.89322396520645
1.72690690210816	2.47410746425606	2.66620092860715	3.03827001962897	2.13921439268818
1.05785184341646	1.82756546051704	2.0396719634163	2.1448863989457	1.48799395730403
1.60188051080726	2.69572098312547	2.86910542552003	3.07041095914671	2.92519602147585
1.57654772414689	2.37050273717381	2.67883285286438	2.8764874336945	2.05238153584974
1.75097374382134	2.65772698509185	2.76897104143084	3.12314835938616	2.77458049463479
2.81719012188625	3.63877619556807	4.0566279446487	4.08125940030741	3.51166166101954
2.34109905887548	3.64986224998282	4.06311999889411	4.0575162924043	2.44661312841669
1.81605383722259	2.84960522249053	2.96777793441526	3.43408278701045	2.63503491802174
1.77045892998143	2.71179388978994	3.06635824235653	3.29491422061893	2.29203941167377
5.60269917744776	6.3239538914457	6.78679344818086	7.14212240186047	1.46112489510806
2.56943812636038	3.46008402949776	3.53879585893616	3.99249169557664	3.04957483535763
1.54689751109594	2.40824544178357	2.65762467874535	2.86157383898872	2.20279910489582
1.6381874075614	2.50284148501635	2.55527291883845	2.93632255869115	1.96719340165601
1.57302316994998	1.93559710240586	1.88926338318173	2.47309652946715	2.25075260940675
1.19336865474344	2.30036865519369	2.44872463466737	2.79086143921058	2.94380793932939
1.11229917725841	2.09133696874381	2.39753420997329	2.570452905928	2.96180252142358
2.1674748969195	3.18777011275821	3.21228001834035	3.67437808976428	3.24685692464486
3.96512355768226	4.88584100790924	5.25342359563346	4.57451499974283	4.93473074663859
1.1759278979167	1.75983171559118	2.00421384525463	1.99474531834981	2.18515028699581
1.97537442596536	2.17222846852279	2.63593347139284	2.48576688093699	2.35549139200793
1.63480482913108	2.92085774300175	3.18277354471972	3.31064031287783	3.5178671072533
1.33099904518263	2.114339852406	2.31505585960144	2.60919183643222	2.13583831835218
5.45229108726996	6.27266603560372	6.42901153939312	6.94543138785297	2.58457317559689
1.21317101563466	1.92017693874913	2.28571331294461	1.96654265520895	1.41709338681244
1.13954945398175	1.81402288526659	2.01809550421756	1.74330952737639	1.72124287420455
1.9764230613547	2.8147514970514	3.17354120963751	3.25020842935429	3.55701322566021
1.79161697528379	2.79074851109145	2.9821495020491	3.23923117135049	3.24647746247531
3.78414221634012	4.81481691916323	5.05027766693404	6.3473175737304	2.02898508637133
1.42617927999341	2.14140620722463	2.37860953563887	2.58584280254134	1.98198716138878
1.1678244749484	1.6903293779427	1.8763847274943	2.10300139215223	1.74773246697429
2.06183430522154	2.60217842790518	2.76456990180516	3.34939233786964	2.66213142544248
1.77932207186174	2.42794749909355	2.69561787072806	2.88529388042746	1.72912406942276
2.04348636679221	2.64593045150407	2.79371373136907	2.91933799566285	1.8810205603848
1.21154623848102	1.986129998922	2.15588879781848	2.65711615784807	1.53525538126106
1.02479317642584	1.79053448698598	2.21836619975034	2.19338928123133	1.89129470979585
2.52862808452842	3.41081345107847	3.76108785571211	3.90705651243051	3.12712904232484
1.71895585990282	2.81497055358789	2.68595804328897	3.0648263728265	2.05323555420215
1.7589317027404	2.73552819098241	3.02847643210559	3.37643989895902	2.9068973341883
1.58771664241223	2.68218539600469	3.17769609005223	2.98346130096338	2.73962354754515
2.29689270766771	3.13415762236681	2.8267459720617	2.91868709878162	1.45438425604822
2.6172840543048	3.6615244395807	3.68515277619222	3.75188765107573	3.0429581383716
1.06032608120345	1.25345814445327	1.30387388600934	1.51298068733366	1.73698224553308
4.10417799933593	5.56717183076125	4.84490027860349	4.94740487091642	3.79505355031151
1.49505249087115	2.62267066679485	2.94887825488057	3.05898843753372	3.23727254830097
1.6594333138869	2.56752405347902	2.7713624544271	2.93739298071751	2.13496975448943
1.55183705819351	2.70630995886454	3.11883491022245	3.31051729960341	2.92506353448963
1.90107903072307	2.65498807386108	2.74733554915053	3.09470289235694	2.36272970389622
1.35312917380892	1.92271695076763	2.29989517161365	2.31610581394318	2.19577626020504
1.54166342935621	1.94682536647501	2.02359286624204	2.4221187238657	2.55571748679655
2.19007203068159	3.28593865280401	3.33821321062939	3.49321785264924	1.83220732294597
2.79374421257405	3.62604756322582	3.82859985947216	3.79901951101937	2.77782453469443
5.6396535875743	6.52877551567266	6.8097738538642	6.81785474335377	2.31307514202599
1.1624751430719	2.08448625613973	2.28485079986338	2.53358307656548	1.91409196373153
1.42759408498485	2.1140575412442	2.01512204736102	2.36151453973644	2.5901419293072
2.30619564845634	3.44252012098261	3.487130045438	3.93112447250703	2.63997047798553
2.26537271937258	2.92029185845153	3.25796804857174	3.44544117030923	2.46295909770698
2.10703363563493	3.38119795900518	3.87495754150267	3.99345212312473	3.30440502563268
1.30853159181637	2.21605442383256	2.66537406114573	2.59845058999204	1.49422771189976
2.12676793095557	3.16209312281339	3.41820327869628	3.72946458742143	2.52401074295921
1.87261312582222	2.19286196944854	2.3203170154014	2.75703198635087	1.94429305739023
1.95002599042338	3.0189987370161	3.36252477996156	3.65665274623992	2.60007771119294
2.91989198393515	3.98591667903446	4.26197552984276	4.65440499128239	2.68187614496323
1.09357224494025	1.76353977652216	2.10715272928919	2.27972977240882	1.93687080005688
1.69211326683039	2.58078474197429	2.62839775217185	3.07931224737095	2.52840670001607
1.75488728902414	2.54621638621378	2.69689987105341	3.08775660457623	2.9112970071385
1.28749154778732	2.07719970912297	2.17949556300517	2.79708929792209	2.52763902655015
2.34667780454739	2.77586378943479	3.02384527749949	3.47617256347636	2.69046284168839
1.52661928752234	2.20989562215056	2.39664832806239	2.74740812726798	2.21011185519088
1.24385473296485	1.48329389955791	1.70483209850132	1.98189964959662	1.08956506537108
1.05786802126008	1.75770972241947	2.02692970226134	2.22698808137108	1.51454661903397
2.31543912329616	2.90452862514165	2.86834921209472	3.19360067356115	1.35755121054018
1.48629463412451	2.40823210795574	2.61063507965804	2.53300682563538	2.1552187448665
2.40336928241607	3.49259141889743	3.66245572968606	4.04239121993221	2.91215799736672
1.97309761902754	2.82699549151417	3.13013485826682	3.16515518619329	1.84598347741599
1.63019226882014	2.66616802206558	2.97769968448646	3.03063165024588	2.64961533512439
2.13700073195436	2.70557271262973	2.7479314280283	3.09311197391783	2.43074084051919
1.10541386242932	1.86802034913359	2.29228690349621	2.59603413387924	2.09006209251174
2.98538540726167	4.00981168835024	4.15286933099373	4.60701191046062	2.60225451180261
1.40474856644972	2.00419707813137	2.23129088018352	2.59443468672166	2.17563927880977
1.63483894036715	2.62605873966389	2.67852828102587	3.1620847376098	2.3621046195107
2.18397276452651	3.05531371925429	3.31377380418166	3.32262102184957	2.64883731489521
1.23501669981719	2.16741699807848	2.63005557492842	2.8920774769484	3.06011865549182
3.75626873241099	4.77686940911861	5.24636278575294	5.48002150240198	2.51982053722937
1.74762278440187	2.59153831728539	2.64201867989878	3.18247040876628	2.26374924235084
1.141367091658	1.7372283065275	1.65869464247714	2.32407450753258	2.08217340496837
2.07631827241385	3.18975918411293	3.67432630950947	3.70427914363606	2.81203609336297
1.62177764257324	2.1671189605169	2.4535783481978	2.91132179720593	1.77412167003495
1.50283220886379	2.30614754951892	2.63113527718717	2.81614912118649	2.62954181316605
2.78659645413517	3.58456164892524	3.7010118772278	4.2576183702752	1.1392838822918
1.46003910611833	2.26891306629716	2.52401478557278	2.64951596389425	1.87066793523301
1.37461445228564	2.15090992003286	2.23636137272892	2.52143719862376	2.70368862577357
4.73543633523883	5.74736026607649	6.25985207756413	5.77708228748042	3.2800749738393
1.59594436515985	2.36789389295269	2.79286314750785	3.0091574373663	1.62882672044473
5.4121741581272	5.8000492943383	6.33697852485973	6.60169875354774	2.58901466107189
2.04988389169547	2.91286360341928	3.25022433927778	3.31147189888354	1.61574130598624
1.2832454318896	1.66750540309298	1.52362795182471	1.98438551215287	2.21921286086808
1.21414208466147	1.78984334811547	1.94497608523313	2.09576042808138	2.31778500802776
1.98632078586466	2.73986674339667	2.58793262542413	3.30117533991952	2.17903819616832
1.49144320981632	2.65292014451682	2.92645313615382	3.11613896860254	2.02770168348172
1.65328237044753	2.24105726327521	2.36446667096193	2.61761444741838	1.90576057274518
1.71565150607916	2.69940624871019	2.89501681428996	3.24509389680694	2.50010163529527
4.13957977979922	4.44489269391078	4.20934089732283	4.39530576917472	2.01995588121971
1.56334914297148	2.3315167481319	2.51453386132337	2.82988299824058	2.65685399926422
1.52719289475491	2.35560806636461	2.63681785402436	2.92892309758658	2.22495009608186
1.7830526759118	2.41941850479334	2.77645167390788	2.88248975206629	1.62500406484576
1.2495902123802	2.21518527540164	2.4594187475181	2.70982417147138	2.00813664680712
1.38118825033535	2.0204337497439	2.49554295233938	3.09158792782083	3.90645344820994
1.68806680873857	2.68565931028648	2.83704027230431	2.89113223201687	2.07432969818953
1.54172890121135	2.65171760314285	2.65893730325108	3.06816288338577	2.55386478425528
1.44026085815464	2.03436268213396	2.24126551867537	2.51708994803269	1.59835641869341
2.03314276379095	3.07486072993107	3.134879873731	3.61730964357676	2.5094880069047
1.20469552406457	1.23030510184116	1.09265641793176	1.73621083808625	1.48002719743774
1.52224739939961	2.30611002654769	2.46779158107441	2.43520511619084	2.20428691473061
2.10227385562947	2.87522416735412	2.53388735062777	2.69466114652703	3.64212712213788
1.40178877213707	1.95005565922728	2.06355680340042	2.3293829741827	1.73325632455097
1.16142495125494	1.57633956622789	1.88363532860614	2.21379190829796	1.86979536795029
1.49077196379293	1.72679816380019	2.30547703471766	2.35458865212402	1.44917588126205
1.6371227944503	2.4015464995226	2.31748150954148	2.68472214271467	1.82251534545757
2.28241934634494	3.14104370586596	3.61804927277788	3.36843954277828	2.33248480339119
1.51425234334937	2.19448024777928	2.39557310337779	2.79893133883881	1.46664753453585
1.45538241727541	2.08247217184123	2.54064419747213	2.72006420105551	1.61676769504734
1.14466752410425	1.80370469353956	1.81085537034634	2.08639307921093	1.75195220971196
1.98377439596359	2.77230191879321	3.58072223186695	3.52192023760525	2.67028364230575
1.51768664578139	2.16325101509985	2.41829819723233	2.74631909541733	1.85496537965242
1.41709763942077	2.23528740228505	2.19970029895379	2.8045734085568	1.92031825439869
1.88384775561615	2.43651408361814	2.60368488614258	3.10053176148547	1.42871629524686
1.01628767884214	1.57552733787917	2.02243466822643	2.17880454356022	1.34849440184037
1.51742034244093	2.0008022008006	2.26704636225948	2.54724861748357	1.29880899304084
1.16519384071702	1.84238837917166	2.12544107018375	2.43935917877532	1.60031300979285
1.47608969664286	2.15472674170173	2.39032512564856	2.7951857582068	1.75693594279296
1.17326214505957	1.76478347757149	1.970086084346	2.3934579052984	2.27975533862287
2.27149232034841	3.10106963356162	3.29138804657311	3.79361525412533	2.69994941117814
2.07619282839824	2.88794002380091	3.27224138308548	3.66259015661591	2.68296231268154
1.23099202726181	1.92586975340912	2.26449963133603	2.43170617316002	2.3798657244663
2.24655307815575	3.07202950593039	3.36568727186421	3.78645335862049	2.25563030671579
1.26309389973159	1.77641976469569	2.06324723113986	2.40180013585509	1.92743255019427
1.82399290603333	2.50448656757149	2.73310258547739	3.16105931823784	1.86689832349862
3.16029727378704	3.64708958633801	4.11902926191672	4.46686298686979	1.69210205401356
1.42086430577316	2.17705413010613	2.40114364031243	2.88313338356134	1.90286136663424
1.5374888441049	2.18346767410972	2.44241052919682	2.86979241794995	1.78959561642591
1.28065804055686	1.97595315700593	2.08070323522008	2.55432836127202	1.6100192924365
1.75868686488062	2.55005832190841	2.71981314836044	3.06209258936947	1.95904106472029
1.11736896383515	1.84403900126721	1.96427853684578	2.55350213425121	2.27373221172928
3.87513219954463	4.68034995331937	4.89281538662667	5.42932644471279	3.61066328439514
1.59885565703392	2.75392659323931	2.90532603228374	3.06339363466918	1.97334704068923
1.79269448980533	2.79211483695611	3.03168021986711	3.08462919834368	2.22969411365497
1.85386130927405	2.76792664546925	3.11700220057106	3.31926158794364	2.10304908472784
1.91084415784039	2.71995986032355	2.78266520142898	3.27982458455615	2.76705056194186
2.30492633762129	3.36635147719397	3.84267396476603	3.80793998635631	2.81611930083945
1.61290490812062	2.67267780357259	2.8379261449406	3.17486716049955	2.65779513935352
1.80601772927297	2.55090358362332	2.73960001618913	2.90703926433553	2.07695450132973
1.35081125795498	1.93660296540544	1.89608014150806	2.46680707154113	2.68982334730462
2.56721796683672	3.48205906459347	3.76768559667595	4.07966909579466	3.17082838485675
1.6849712442978	2.25809435793171	2.52469404695814	2.76178289985812	1.67414470553558
2.01169239943574	2.25152765152761	2.3110080144321	2.41822736173782	1.46581797650606
1.68315880727676	2.70836455342723	2.75647148748272	3.12535920603711	2.7192925946863
2.33612365243648	3.49205679040417	3.82704543425655	4.13947137871292	3.33840239951722
1.46022620318576	2.43009726028117	2.69275853934695	2.99527007693346	2.65246918555999
4.2481528456432	5.05958677457555	5.56445278645443	5.79018651693757	3.07756186077334
1.67721676486476	2.28907326968568	2.31828490860196	2.77332329897232	2.22689861591317
1.78136400831805	2.87606656114577	3.06789242636017	3.32696010517919	2.61998360896248
1.68421036924977	2.48079108281473	2.58024607285838	2.97708955546791	2.3707315982375
1.19816499222206	2.0348385190741	2.4937184059855	2.31110139935214	1.73529844337132
3.67919327594541	3.53653805061916	3.48310814300854	4.54372768746627	1.81607670195889
4.15586217676684	5.16015645775978	3.85686592664192	5.88366405854809	5.40199490903635
1.0946511765348	1.86979452903871	2.36631185022613	2.32940953062954	1.80713082019065
1.92890817113109	2.95493777010078	3.05629637866123	3.28024819134508	2.04176523229977
1.09970928780821	1.115051142887	1.38111831093616	1.66928184333642	2.92296321705035
2.39051466390143	3.73573763495982	4.24541572990837	3.67095967669898	3.07161760121598
1.85005933024336	2.9336022562956	3.1276603186129	3.53320553517249	2.36155646858259
1.6849748732714	2.70453725252279	2.9994529266554	3.22159649165258	2.87017185735994
1.78195221002765	2.86077245082485	3.37240807822712	3.25239799819561	2.82153910542511
2.78682777286515	3.71595152387372	4.0472655337741	4.03200386543628	2.26445946335008
3.03551831976117	3.6025787097731	3.69969044558123	4.20579191814693	2.39654046003509
2.23486519207049	3.50798124280316	3.59284774891708	3.95837215487042	2.92320602179935
1.55794118531055	2.30153011427439	2.34850972324814	2.48092178186555	1.68882657347283
1.59192365485126	2.49134608194452	2.61423615659063	2.68794585887921	2.12930541193315
1.59034846846414	2.5601807822437	2.54546417665016	3.022958683072	2.69065029715955
1.48739972303311	1.90181287187016	2.50996999493505	2.48268709580874	1.95402696539457
1.94465778300588	1.92405415820441	2.1999387012974	2.66218634739759	2.35051388218337
1.83128546975286	2.46303177449704	2.74649725950349	2.987718092266	2.34216750780537
1.15524030021276	1.99345642261385	2.33463012792368	2.71228976577898	2.12890330890685
2.06369962917765	2.53955877702827	2.68666959399311	3.30781813845745	2.95136408254783
1.24164339874137	1.97214455894877	2.36738858315309	2.47181828672298	1.8224273730008
2.44920153490893	3.57939043349592	3.69153834350525	4.08475296595139	2.95333614196785
2.63222203030035	3.53068787658578	3.71476125869204	3.98110623769106	1.65299362509826
1.57666390057202	2.40250635222558	2.74397685010175	3.10311379992279	3.15982814687014
1.92420242319339	2.59953573661333	2.61734410988078	3.11472909977146	2.18782766911743
1.39473318858711	2.01196706728899	2.11813253076817	2.35500189413913	1.62999824869572
4.21980309901377	5.52336935565988	6.13451209312471	6.04791696627119	3.73147499918517
1.2912877725829	1.97678291613489	2.27675939093514	2.59566006844722	2.23262355765072
1.19274355197157	1.84168186753043	1.93636055249015	2.09519995857191	1.57621895116523
2.06186748669204	2.74055566304605	2.45176985385766	2.68385547504999	2.25326378646153
1.77054443306022	2.42382816910518	3.07068802113876	3.37894763648269	1.09786139847921
1.37824829922794	1.97574435766025	2.23165997506498	2.43472162287466	1.70280904454973
3.50075743630269	4.55673400441859	4.7275770948161	5.15586589814585	2.75262063244968
2.07452058698926	2.92764221023389	3.20830803880711	3.69477163770879	3.22071596396842
1.85221616850601	2.05755561320789	2.0260859641574	2.3020132861743	1.43070956458106
1.40451970237995	1.79483940686701	1.84840598499096	2.28002825288766	1.5185764392738
1.44135082791747	1.95275595724876	1.48009237731342	2.095630777844	1.12802567030199
2.34302413744139	2.67208125803447	2.62870842219752	3.16551145596395	2.04883058093697
1.99358877425723	2.47663274188208	2.52102855952097	3.03479251858152	1.97533269080785
3.37119719870763	2.8607344239363	2.19036764718364	2.25316284433449	1.3499818078329
1.18862497927574	2.09217760196864	2.20050685350572	2.51858493543143	1.56407645196321
1.64894050100279	2.31980828613982	2.60325445316438	2.93862129693149	1.45075278682377
1.22062683453683	1.87249299473602	1.98879231999067	2.4458662220515	1.86508265134732
1.92041890706904	3.18324721239604	3.47473489647559	3.618761214867	2.51983049771383
1.48690971830756	2.13903435852883	2.27578552789978	2.60441008949735	2.0992327625778
1.27894523406707	2.18252462682512	2.40162919658128	2.62972995584529	1.35577056107607
1.40407056515219	2.67808396568238	2.7777801897711	2.92968442912897	2.28086529950373
1.63461446725669	2.29331683941053	2.43878707818894	2.79982140538838	1.97736744956368
2.83338124783987	4.00831784938052	4.45469263295012	4.67739266342921	2.86524239847182
1.99025961857668	2.788848100991	2.90649715887358	3.27085666146232	2.31543038966695
2.23431644094697	3.16912950155452	3.48384537606074	3.29162586507165	1.62202271316057
1.66974530223714	2.68780896380516	2.81108645556244	3.28671304362403	3.63279002197886
1.98421180576055	3.48591413167401	3.47550632036801	3.34854785386277	2.20430926969143
1.87794929385701	3.0033273183148	2.91680464744208	3.15451819745632	2.75799531389107
3.4748322979658	3.74969553943038	4.39302172183482	3.89442533590469	1.81698084790077
1.39587544936576	2.32469600334404	2.7751166038739	2.78265033219865	2.28026303267064
1.60192972730385	2.56614543850461	2.9388440181601	2.93338745770876	2.17741139701
1.58644101956167	2.50396187141591	2.67817167414443	2.927401720205	2.43805572350839
2.30126491087814	2.99695440079393	3.1011293433812	3.3834176525234	1.97740658628986
1.67332006341652	2.75258770404497	2.86922802094365	3.1240486018604	2.27192144289841
2.15278703457272	2.78198654189273	3.12446804951995	3.4452676438153	2.56294488346389
2.1644451986016	2.58157049856062	2.61862748922805	2.75114538646491	2.10530200155118
1.26582048046051	2.21190252129602	2.6001578324179	2.56794284862676	3.66476557509989
1.12343718850844	1.53071865684079	1.8534284904694	2.02981157741954	2.01068264804806
2.28913795102698	3.09720546732971	3.31922135979877	3.52558454668802	2.76778120435991
2.58308763740129	3.70944996884493	4.10865430650113	4.3504127819777	3.77002940884356
1.9257169427775	2.8632553870134	3.1817404684986	3.42478378511405	2.65081671108417
1.3023423196408	2.27088171467053	2.38584254126548	2.75237477467024	2.42957422122874
1.47940561094389	2.18533340598701	2.49999583485165	2.52849750678295	2.01727447090451
1.11529139928738	1.9444874227898	2.12164791787862	2.2568148279475	1.6668938490157
1.95411231135352	2.78816002526175	2.93035720106606	3.28013392880234	1.8167028728394
2.00956398020019	2.88470692304006	3.48974346582703	3.5927780826932	3.13091026620755
1.48267732329779	1.90651310718196	2.0604828871776	2.20267004153282	1.7500301429813
1.88651279308339	2.83159366098513	2.99814548587457	3.12311485515109	2.5868087175442
2.96348480436358	3.79104277142832	4.3314650632866	4.45312957125856	2.30711731885886
1.57963849019613	2.60624829009237	3.03586181253784	2.62890805840446	3.97880905345503
2.23772900758802	3.39992150043154	3.53949627219604	3.74043322406437	3.17656723414723
2.06926704986039	2.82126566281158	3.15746576871512	3.37481326248705	2.45725360092228
1.60234832726262	2.26620218675987	2.63875188084025	2.73937319286083	2.55218345341354
2.38167017106849	3.61100038299973	3.68859198395614	4.04949119434891	3.54574428594308
4.74607937346314	5.16395100599875	5.54862929414762	5.37729119676002	3.04734573462091
1.47646029474987	2.56868550894778	2.94478272717747	3.05310507307179	1.64441471855389
1.85451850454925	3.01738477728053	3.03411871500853	3.50959415423758	3.22752266183928
1.74555061649781	2.83702190344967	3.2117001455974	3.23672100117556	2.80997106591898
1.03109623573982	1.3487076034357	1.59488641936894	1.83820001158253	1.37754981709668
2.59220696654195	3.92677187006588	4.15537660267781	4.3399369362165	2.83361615753515
4.03817873043531	5.41457032082121	5.57681277135428	5.95805625255803	2.79242665390545
2.71726670735568	3.75304268579582	3.97937326469861	4.22781595697017	3.58680938421435
3.0398781953574	3.39987827499368	3.47110198510011	3.93214691479976	1.93429770707195
1.48294739244314	2.16925676907864	2.16168141440751	2.64823525411746	2.24311870407575
1.16935382526362	1.89147815334226	2.09414145270606	2.40592157498131	2.4526384346138
2.24802522111219	2.98908004201161	3.25910718634504	3.49948751074303	2.03209163853976
1.66094546958388	2.51778443302949	2.43189864742768	3.02591171633585	2.29208954551513
1.7135398943327	2.56413674099487	2.58785194499401	2.91117388164697	1.74079197078338
3.603796594551	3.40926956503083	4.33880874116074	4.79064228836448	3.17620480150376
2.98179335395997	4.29721101656071	4.52176054300264	4.73296978391661	2.48073309840578
2.07802148650963	2.93078871075682	2.87558622557783	3.29936373400393	2.30360216740843
1.72051882344345	2.01404891293267	1.81377490462897	2.66347430203301	2.16209218024933
1.23620405343882	2.31918625919161	2.73970271846344	3.16302672166284	2.77768096414142
1.35910570878796	2.36071987797036	2.67540038499134	2.83397813350272	1.95600724422942
1.41495941455754	2.39851817563951	2.25831685095086	2.68550684261435	1.89461322307795
2.35000679327084	3.25729611830849	3.65117690239788	3.8277070753482	2.87679489254469
2.17919271237199	2.80766666901077	2.86660443411293	3.47897007883249	2.79541780304707
1.26656359777481	2.20064228270371	2.15854992595889	2.65482900788796	2.60033985226882
1.29318173848837	1.97677471295606	2.17788950876549	2.51436441625635	1.57362128492806
2.92411980046792	4.28837371979223	4.54970080173271	4.70324580472569	3.03465671950949
1.5327345495498	2.05119971999685	2.26832099613789	2.52977179650321	1.38719596158808
4.84618568940824	5.86091900427838	5.86064436462276	6.17329057007345	3.01444351307001
1.43489286178556	2.70943393917983	3.05223956122303	3.10177815575467	2.95948868309013
1.95459790077868	3.11555764612261	3.35945118959841	3.57326045100299	1.75625457026591
1.98464891275309	2.51978579336193	2.17314681950776	2.94644513576665	2.13419181866911
1.50783668930414	2.52695016634241	2.54851819071901	2.93433976821714	3.09341588723965
1.2496439011085	2.02568719396005	2.2424768563193	2.40562606002738	4.21409285696978
1.95215315530021	2.83198258993948	3.10966815730377	3.25649654758628	2.94149933198439
1.54750782449575	2.5430464286306	2.82189253981691	3.09586495995379	2.33558415121133
1.64587622364451	2.4293999968293	2.78553694583565	2.92830045885198	2.50820298123455
2.1513948816435	2.99254979160552	3.7451722071347	3.6508075004375	1.94615108680112
2.24822282951023	3.01249565799175	2.95381495828546	3.4562380808973	2.36096645546453
1.33466388564759	1.68259781941696	2.17838440955928	2.64616273057473	2.16918518719166
1.64786871979004	2.65139853029229	2.99936119461346	3.13237276351101	3.03748995248372
2.15069792111957	3.05692604558031	3.07611692234864	3.43608533427975	3.1341974949698
2.55730766298661	3.42356613399448	3.63281623221325	3.60465666813998	2.49400236472347
1.96214959732083	2.9583346559317	3.09979326792748	3.30825703768925	2.65424110989038
2.06927426683966	3.11749535782499	3.39524210682782	3.71415627857145	2.68635171859134
1.8030300609255	3.14522616596358	3.30404867709699	3.65999677689894	2.10787964038565
1.24489391436259	2.18095395915425	2.49716567047336	2.69429581938152	2.11318053187725
1.49482339637636	2.31361361393606	2.32551519158224	2.90309996105249	3.13679695064771
2.25974758690528	3.27450770940069	3.63211716255246	3.99727274596978	4.00477837586918
1.82558856910456	1.65517809171802	1.14946856969203	1.0031667233797	1.0644778746083
1.07959370421356	1.59677386111316	1.9587864090851	2.19608511930603	1.6197939659195
1.64102376484979	2.58297287796029	2.75519176362761	3.02954838192159	2.78769579501344
2.45448162167468	3.37265423449434	3.61780246558791	3.97041649791743	2.89641120998462
2.02278166951852	3.4560079598399	3.58510267930372	3.85876195268657	2.6785907231605
2.24655741366286	3.0119338689585	3.32847849813319	3.52572620956151	1.01224567886447
2.00116780028177	3.2708101809309	3.4721523565706	3.38809344509913	1.47798607243006
1.74809984511726	2.5825321467196	2.71409599225735	2.96106732849106	2.20232930012886
2.87193534083314	3.50922911559411	3.75374291959203	3.87639072459326	1.32725686739018
2.0542846687685	3.08672576698286	3.31774910930145	3.64527903811387	2.7933785995208
1.87753240281782	2.74407751410833	2.92647676334445	3.21444291139734	2.80908918778497
1.26677643087943	1.9240833607782	2.10626523278307	2.30291532002041	1.50810678969297
1.6232589283029	2.63254429635783	2.85851283444101	3.20594274199674	3.10190354981924
1.40506199981031	2.61397227447513	2.45976324322096	2.574083604394	2.72569450696998
1.64950589623933	2.7354886270165	2.93184278960727	2.9290992928569	2.35429087642953
2.3120574613449	3.60237618655661	3.68823651210894	4.23190856125385	2.78953667695005
1.90449785664546	3.31644782065738	3.75715485929982	4.17901034799224	3.15713640531862
1.07884554123915	1.96738219128763	2.35192881074707	2.02113342960285	1.68599131758477
1.19214379845147	1.63377713295763	1.89564860188276	2.02103777440756	1.44936080774589
1.73587549314299	2.08980139064465	2.13286146370461	2.73860658331742	1.39211710911406
1.63958315525368	2.29868199377576	2.54776403729332	2.60562396348183	1.71853708204997
1.57689793187575	2.7185979116077	2.89031488861977	3.03911332666823	1.77690602842653
2.39852739894348	3.3359860585247	3.86038097177375	3.55342458774614	2.35255248120883
1.27168957328358	2.1271599797468	2.44297201940937	2.58489605324094	1.38286929401045
1.59122114305541	2.67984471813181	3.07399179935353	3.21796338448882	2.87937280539695
3.14055046449926	4.14319303203758	4.28330293090757	4.43575703014571	3.0087809011246
1.80943815580709	2.71513534227939	2.97922439414829	3.29767152756019	2.7938483595995
2.44874277818634	3.37663688485882	3.78583642266232	3.9606200302144	2.686671326394
2.18832349959806	3.27177123984956	3.54986878297598	3.72018591023045	2.36874462045937
1.42564612567492	2.43329210135318	2.84030977156606	2.99782558771861	1.68637313193544
1.16611726739212	2.22836562842673	2.33443368773558	2.48338982824926	2.26011625442728
1.73044135848624	2.69890063120812	3.47924891182041	3.23775432462649	2.55336253243282
1.49079876257136	2.42971532710336	2.72427787513041	2.89284207704113	2.94600238526521
1.61482456073114	2.38903291642364	2.47918333552001	3.01587551873707	2.15813851159603
1.29961661561113	2.40260064349426	2.65362466193481	2.94924965011698	2.68416866706125
3.51527949653725	4.41936248390999	4.43807686623468	4.23314955490943	3.74240949884622
1.56105684368807	2.56753673547581	2.95321027349293	3.14240508325373	2.52075358573311
1.29091869883191	2.36845187212131	2.74509174722986	3.11463424365717	2.55756698232607
2.40099137864886	3.5445536429607	3.81116798983651	3.99822582306243	2.58482587648217
1.99310984739896	2.9768517172568	3.38835275563211	3.5953391367374	2.68457134749793
1.64360566944086	2.6589258179115	2.99292767974113	3.25181827516463	2.83879271942346
2.34387952391994	3.34490659724607	3.56379890702976	4.18463643865029	3.07396080251269
1.28192719365274	1.71206061245686	1.89429164244502	2.18520261329186	1.87748309476859
2.2048989580864	3.30583932309553	3.63806792144598	3.36450916693512	3.50634611091765
1.62854388596415	2.12695423467486	2.00358017167358	2.44501172965922	1.7906698638243
1.55728580788692	2.55283151261744	3.04843062900262	3.22988747784938	1.08754403427698
2.20741975199098	2.69519509698907	2.48975642602399	3.34796706921486	2.48994848654108
1.74659242521933	2.83043572186399	2.68541549858116	2.81173250074235	2.32840718235148
3.96716184008609	3.41395609559987	3.40553393702972	5.01887671336484	2.07778759120802
2.39268881325728	2.86503140472958	3.19047072577526	3.56039498070205	2.49232374264571
2.36192054916084	3.5132747638573	3.81419185857701	3.92929955168414	2.22864738742853
2.14103544377236	3.32387252670238	3.6201823187304	3.69504654322312	2.68568782550288
3.00818414390988	4.27798395681994	4.42537134315904	4.67260568797737	3.32817346988326
2.96888786775518	3.79277785024024	3.64706366273887	4.38905039432006	2.5253568339219
1.2297029675658	1.80371332307244	1.59946608527649	1.95769153952504	1.94729952222377
1.21945306537608	1.77933822103844	1.98899121507777	2.1132042667429	2.05597005100405
1.66964385326925	1.93970749384829	2.12207950791232	2.57249322581243	1.99980976498216
2.20778246367291	3.22125153200487	2.98202955533005	3.715986492334	2.4962617433494
1.55033371974434	2.40967795593765	2.96520479944059	3.21110116773572	2.89974361052149
1.0584606261721	1.98533956319899	1.64554856286772	1.97801432283378	2.34905586010093
1.73889199287661	2.4582709168127	2.77230313851481	2.94060635683936	1.13870985506062
1.07227779662201	1.65392897917693	1.92326874852483	2.16566187450832	2.2358607182174
1.86832925161745	2.90232754529465	2.93827993373826	3.41405085204664	1.93812639450911
2.2252493788806	3.15574238214453	3.56121186242002	3.73059439860775	2.75231797936151
4.34852119823133	4.50595905463378	4.85832734204882	4.35136563062958	1.95414800590579
1.85212458113783	3.26569194588394	3.22311679833139	3.6651082131777	2.41027591889987
2.05207926030825	2.67853997397211	3.11082826618307	3.22237081063531	2.75999459094344
2.5302988548545	3.52841483274694	3.97822028508347	3.87874956958437	2.09785328250789
2.47453863953045	3.93988801654633	4.11747061986866	4.34202612618164	3.63734114373914
2.11652934921084	2.86115278455744	2.94320342253859	3.1542333654014	2.20725015815533
1.63465976830849	2.57145653622545	2.25711112149535	2.99012823906816	2.09092988162877
4.54691270144532	5.6724361436309	6.25214867831967	6.27199718158944	3.19781468846795
1.510473228798	2.258683586059	2.20771168566876	2.44783117753252	1.21719430170561
2.9951506423356	3.85551937866949	3.99393270551633	4.11197624984772	2.77609920481956
2.31935185908669	2.83042526478629	2.80482042305507	2.91022624199623	1.0066909021479
1.42111726405114	2.40661413730311	2.67968725556126	2.51324358262098	2.02922346986205
1.66913760510302	2.69077852336945	3.56656061028779	3.19024574878701	2.32446351056346
1.77670565735092	2.15383510123965	2.03420585593268	2.07489311769683	1.60035022992479
2.04869710702794	2.89488138250674	3.21490651596067	3.38130550468078	2.61759917169011
1.69827754499438	2.45547844779299	2.6572212873206	2.78416174513948	1.61010546770401
2.15031492047849	2.77490647444649	2.9831620971478	3.26565259048168	2.89251178685206
1.92086132680683	2.75298730411725	3.02776835656286	3.42590694004642	2.82842463915126
1.35119980363236	2.1563320556351	2.2418654590561	2.5575289999318	2.07040702120535
2.36514430150402	2.54146813877002	2.925100499534	3.48260737933606	2.34878522702803
1.33722230991149	1.94051155821899	2.28961078381075	2.32539321434874	1.84020242348921
2.10630753498172	2.66485812032949	2.62239030611794	3.11082895476942	1.68839164551509
4.69683896839061	5.86922129410638	6.4206861863125	6.3575043504646	2.5224610117414
1.76588857736911	2.335848559324	2.54014790845568	2.88536649706137	2.13463774087072
3.53410181968318	4.90680664309399	5.12659438904595	5.228249135333	3.11967131680538
2.22150204287644	2.91565757762389	3.15997436837328	3.19827021573697	1.30532543601608
2.94777599829195	4.26373862311322	4.88151667891324	4.8715364382147	2.94132029783223
2.04086674902878	3.14446125585563	3.47333148015296	3.80971012852536	2.98176818504763
1.37726654675135	2.13029677267001	2.39821751466132	2.55759321650966	1.70985140658673
1.93388380017844	2.64956034745327	2.80164443004027	2.86805211815386	1.90974340555612
1.98480904690098	2.84562404562579	3.28065892360909	3.48655164162732	2.91024790774533
