Geneid	Blood	1 hour	2 hours	4 hours	6 hours	10 hours
AACS	37	144.333333333333	374	410.333333333333	653.333333333333	712.512179781687
AASS	4.66666666666667	34.3333333333333	113	165.333333333333	184	203.240420899594
ABCA12	0	3.33333333333333	50.6666666666667	58.6666666666667	59	9.51835030580561
ABCA3	16.3333333333333	122.333333333333	321	395.333333333333	473.333333333333	813.705495623813
ABCE1	40.6666666666667	430.666666666667	1400	2253	2750.33333333333	1056.7313422387
ABL2	146	627.333333333333	1462.66666666667	2118	2603.33333333333	1590.78220062749
ACP1	88	453	1264.33333333333	1767.66666666667	2171.33333333333	1398.74190994978
ACSF2	52	250	724	880	1064	745.371986285622
ACTG1	8845	31970.6666666667	62102	81291	103542	69019.610408881
ACTL6A	43.3333333333333	308.333333333333	776	1049.33333333333	1284.33333333333	813.390435031481
ACTR5	18.3333333333333	91.3333333333333	231.666666666667	210.666666666667	322.666666666667	434.614572006305
ADCY9	21	141.333333333333	407.333333333333	526.666666666667	628.333333333333	738.542372836268
ADK	70	335.333333333333	908	1226	1480.33333333333	1192.70647215997
ADO	15.3333333333333	77	192.333333333333	271	336.666666666667	223.429060160083
ADSSL1	4	35.3333333333333	125	147	161.666666666667	145.945930884222
AGA	34.6666666666667	114.333333333333	232.333333333333	298.333333333333	349.666666666667	355.515337176837
AGBL5	47.3333333333333	214	403.666666666667	560	679.333333333333	560.059828035279
AGPS	82.3333333333333	483	1458	2129.66666666667	2486.66666666667	1405.42455260891
AHDC1	49	241.333333333333	678.666666666667	886.666666666667	935.666666666667	1398.68709433724
AIFM1	51.6666666666667	196.666666666667	583.333333333333	761.666666666667	1002	1302.19803886321
AIG1	96.3333333333333	348.333333333333	798.666666666667	1207.33333333333	1446.66666666667	776.415647160104
AIMP1	61.3333333333333	312.666666666667	818.666666666667	1284	1514.33333333333	883.944270136331
AK3	34.6666666666667	200	496.666666666667	788.333333333333	918.333333333333	700.08676474214
AKR1B1	45.6666666666667	225	572.666666666667	658.666666666667	1187	1357.37478783515
AKR7A2	23.3333333333333	130	339.333333333333	435	671	761.963988631826
ALDH18A1	24.3333333333333	178.333333333333	527.666666666667	702.666666666667	911.666666666667	1040.56381645972
ALG5	22	88.3333333333333	229.666666666667	283	422.666666666667	525.374809548702
ALG8	13.3333333333333	121.333333333333	361	511	716.333333333333	391.586432390269
ALKBH2	8.33333333333333	58	212.333333333333	221.666666666667	411.333333333333	189.452009892688
ALKBH8	12	70.3333333333333	204.666666666667	306.666666666667	412.666666666667	245.680837297597
ALMS1-IT1	0	7.33333333333333	22	24.6666666666667	55.6666666666667	21.8273194222813
ALS2CL	79.3333333333333	376.333333333333	776.333333333333	770.666666666667	1359.66666666667	2156.54916169199
ALYREF	77.6666666666667	365.333333333333	840.666666666667	961.333333333333	1324.33333333333	815.368908404113
ANAPC1	62	318.333333333333	801.333333333333	1093	1232.66666666667	557.894327387129
ANK3	24.3333333333333	192.666666666667	512	808.666666666667	738.666666666667	840.706449544216
ANKRD24	2.66666666666667	17.6666666666667	66.6666666666667	73.6666666666667	108.666666666667	52.4864788817521
ANKRD40	32.6666666666667	225	620	962.666666666667	1093.66666666667	919.938112404778
ANKRD42	34.6666666666667	115.666666666667	273	272.333333333333	387.333333333333	395.754082442311
ANKS3	17	98.6666666666667	201.666666666667	164.666666666667	304	370.410740918715
ANKS6	24.3333333333333	171	472.666666666667	556	714.333333333333	568.922772337604
ANO7	2.66666666666667	17	23.3333333333333	48	46.3333333333333	57.525896681285
AP001372.2	2.33333333333333	36	81	103	149.333333333333	99.312305246287
APEX1	75.3333333333333	417.333333333333	1068.66666666667	1465.66666666667	2223	2670.30095178575
APEX2	47.6666666666667	154	427	534.333333333333	775.666666666667	696.843186622415
APRT	70.3333333333333	457	1183.33333333333	1206.66666666667	2235	2550.14160727735
APTX	50.3333333333333	242.333333333333	579.333333333333	802.333333333333	943.333333333333	769.631371354696
ARHGAP28	0	12.6666666666667	39	89.6666666666667	71.3333333333333	7.42210987329955
ARHGEF39	10	63.3333333333333	100.333333333333	114	144.666666666667	98.8075618502777
ARMC1	26	137.666666666667	360.666666666667	538.666666666667	724.333333333333	624.213491440956
ARMCX5	14.6666666666667	81.3333333333333	194	274.666666666667	320	260.15609860582
ARVCF	9.33333333333333	40	76	55.6666666666667	108.666666666667	282.122650790803
ASAH2	0	7	20.3333333333333	33.3333333333333	44.6666666666667	16.410854741509
ASB13	10.6666666666667	62	205.666666666667	235	382.333333333333	301.90684379199
ASB9	0	6	5.33333333333333	7	10.6666666666667	28.5930208785267
ASCC3	55	338	965	1364.33333333333	1320.66666666667	1021.02464896215
ATAD2	59.6666666666667	312.666666666667	908.333333333333	1235.66666666667	1407.66666666667	513.617161665162
ATL3	98	483.333333333333	1704.66666666667	2325.66666666667	3079.66666666667	2983.13373910487
ATP13A2	44	261.666666666667	696	873.333333333333	1203.66666666667	1468.14846241898
ATP6V0E2	21.6666666666667	88.6666666666667	208.666666666667	264.333333333333	418	449.209361897795
ATXN10	42	258.666666666667	738.333333333333	894	1198	1236.76405712957
AURKB	20	84.6666666666667	147	226.333333333333	365.666666666667	187.741701816223
AZGP1P1	0	6.66666666666667	17.6666666666667	16.6666666666667	22.6666666666667	4.95772728426349
B3GALT6	18	80.6666666666667	178.666666666667	231.333333333333	334.666666666667	454.91417890031
B4GALNT4	0	12	24	21	54.6666666666667	118.866811278406
B4GALT7	25.6666666666667	107	232.333333333333	317.333333333333	475.333333333333	593.458890717036
BAG2	10	56.6666666666667	113.666666666667	213.333333333333	251.333333333333	138.341732969059
BARD1	8.66666666666667	51	137.666666666667	196.333333333333	265	188.869755453209
BCAT2	12	105.333333333333	320	369.333333333333	513	493.950151737543
BCCIP	41	216	493.666666666667	671.333333333333	831	776.599784229774
BDNF-AS	0	5	21.3333333333333	33	24	12.5890259372451
BFSP1	0.666666666666667	16	55.3333333333333	88.3333333333333	96.3333333333333	46.7522187489042
BIVM	3.33333333333333	18.3333333333333	58.3333333333333	58	108	57.0781984693208
BMS1	55.3333333333333	358.666666666667	977.333333333333	1383	1474	1378.82096006356
BMS1P1	1	10.6666666666667	25.6666666666667	36.6666666666667	46	28.1577517512974
BOLA3	5.33333333333333	58.3333333333333	131.666666666667	181.666666666667	215.666666666667	135.735404259802
BPNT1	31.3333333333333	117.666666666667	288	408.666666666667	528.666666666667	536.307140757692
C10orf91	0	4	6.33333333333333	17.3333333333333	11.6666666666667	12.6118724599198
C12orf29	12.3333333333333	80	234.666666666667	333.666666666667	410.666666666667	344.072504245145
C12orf73	6.66666666666667	26	68	91.6666666666667	122	74.8047577768968
C15orf41	3.33333333333333	21.3333333333333	47	49.6666666666667	85.3333333333333	54.1728511832072
C16orf58	44.6666666666667	173	407.333333333333	523.666666666667	722	681.154999193644
C16orf96	0.666666666666667	50	159.666666666667	207	254.666666666667	32.2705683752143
C17orf51	3	69.6666666666667	200	301.666666666667	348.333333333333	235.012484896991
C17orf75	13.6666666666667	77.6666666666667	244.666666666667	268	375.333333333333	231.80710694297
C1orf21	16	96.3333333333333	333.666666666667	387.666666666667	405.666666666667	327.170664172138
C1orf216	11.3333333333333	79.3333333333333	172.666666666667	219	341.666666666667	443.749908479063
C1orf35	21.3333333333333	95.3333333333333	242.666666666667	230.333333333333	341.333333333333	423.842779451984
CA11	8	63.6666666666667	153	200	282	250.462961087113
CA9	0	10.6666666666667	21.3333333333333	20.3333333333333	17	6.42371016756209
CACFD1	17	60.3333333333333	198.333333333333	192.666666666667	334	621.91384376579
CACNB1	20	177.333333333333	483	546	768	1217.65488799597
CAMK2D	25	291.333333333333	988.666666666667	1550	1766.66666666667	1226.44841888529
CAND1	190.666666666667	693.333333333333	1864	2396.66666666667	3071.66666666667	2576.85329729705
CAPN12	9.66666666666667	39	91	81.6666666666667	183.333333333333	259.723601130863
CAPN5	6.33333333333333	68	164	143.333333333333	217	458.295039054303
CASC8	0	4	13.3333333333333	25.3333333333333	26.6666666666667	5.66642058786789
CASD1	25.3333333333333	178.333333333333	738.666666666667	937	1282	936.574134256279
CASK	63	296	959.666666666667	1525.66666666667	1609	1270.30653646704
CCDC124	36	177	370.333333333333	452.666666666667	669.333333333333	1046.18857637424
CCDC127	15	91.3333333333333	275.333333333333	371	538.333333333333	644.180828166782
CCDC34	1.33333333333333	24	30	65	68	32.5658916669876
CCDC51	7	39.6666666666667	112.333333333333	125	174.333333333333	164.542502449632
CCDC58	9	45	133	231.666666666667	269.333333333333	173.813079525363
CCNB1IP1	19.6666666666667	233.333333333333	618.666666666667	912	1253	790.898800192381
CCT6A	125	612.666666666667	1591	2176	2959.33333333333	2826.63413339891
CCT7	296	1098	2760	3632	4993.66666666667	4132.87269314635
CCT8	210.666666666667	956.333333333333	2499.33333333333	3388	4241.33333333333	3093.30676347087
CD2AP	64	324	944.666666666667	1528.33333333333	1614.33333333333	1929.99715149565
CD81	99.6666666666667	423.666666666667	1091	1122.33333333333	2156.33333333333	2468.00394119218
CDCA4	12.3333333333333	56.6666666666667	137	148.333333333333	255.666666666667	166.870735691316
CDCA7	5	27.3333333333333	81.6666666666667	116	246	74.349955300695
CDH24	6	35	129.666666666667	140	258.666666666667	286.698979357081
CDK18	2.66666666666667	17.3333333333333	59	68.6666666666667	148.666666666667	202.937778556109
CDKN2AIPNL	14.6666666666667	103.666666666667	254	300.333333333333	408.333333333333	259.847248094836
CEBPZ	79	442.666666666667	1188	1789.66666666667	1654.33333333333	1088.31294601973
CELSR2	10	39	108.666666666667	133.666666666667	254.333333333333	326.514725833331
CENPU	11	99.3333333333333	222	302	440	177.742737477446
CEP126	8.33333333333333	62.6666666666667	221.333333333333	353	304.666666666667	124.283378044302
CEP290	37	177.333333333333	433.333333333333	593	528	316.218334792791
CEP72	5.33333333333333	56	146.333333333333	156.333333333333	230.333333333333	226.810303217443
CEP85	78.3333333333333	274.666666666667	589	772.666666666667	911.333333333333	751.667296105071
CFAP97	40.6666666666667	288.666666666667	911.666666666667	1748.33333333333	1566.33333333333	1050.8554840445
CHCHD10	6.33333333333333	51.3333333333333	103.666666666667	135.333333333333	219.666666666667	274.633594802028
CHCHD7	99.3333333333333	314	769.666666666667	1064	1219.33333333333	1240.6615688596
CHIC1	16.6666666666667	68.3333333333333	163	238.666666666667	296.333333333333	249.896917084286
CHID1	20	166	463	577	803.333333333333	772.785601988423
CISD3	10.6666666666667	62	189	263	370	323.006601770531
CKAP5	70.3333333333333	447.666666666667	1216	1946	1959.66666666667	1746.96326280386
CLCF1	12	85.6666666666667	214.333333333333	273.333333333333	350.666666666667	384.154231910491
CLIC2	14.3333333333333	57.3333333333333	138.666666666667	138	195.666666666667	494.506021067679
CLIC3	4	53	135	182.333333333333	180.333333333333	126.606494188161
CLNS1A	66	505	1410.33333333333	2060.66666666667	2508	1719.90616073903
CLSTN1	424.333333333333	1825.66666666667	4758.33333333333	7046	8456.66666666667	6623.58351429814
CMAS	21.6666666666667	113.333333333333	357.333333333333	402.333333333333	627	587.871082890049
CMPK1	145	560.333333333333	1455	2089.66666666667	2743.33333333333	2222.63292101081
CMTR2	45	261	666.666666666667	906.333333333333	1239.33333333333	754.789577565172
COA3	12	63.6666666666667	137.333333333333	163.333333333333	258.333333333333	233.391493337504
COMT	21.3333333333333	127.333333333333	393	410.666666666667	705.333333333333	858.534557615516
COPG2	36	157	388	510.333333333333	653.666666666667	558.407064462399
COPS4	44.6666666666667	202	502	738.333333333333	771.666666666667	517.046345141081
COPS8	66	339	896.333333333333	1143	1501	863.560093512107
COX10	12.6666666666667	79	231.333333333333	304.666666666667	404.333333333333	532.750466222661
COX5A	44.6666666666667	204.333333333333	486.333333333333	634.333333333333	870.666666666667	898.480276261478
COX6C	58.6666666666667	259.666666666667	606.333333333333	639.333333333333	1046	1067.48724788998
CP	5.66666666666667	40.3333333333333	107.666666666667	91	113	655.043789267316
CREB3	117.666666666667	425	982.666666666667	1246.66666666667	1463.33333333333	2248.36832138263
CSE1L	142	586.666666666667	1489	2432	2687.33333333333	1415.88768856865
CSNK1E	104	321.666666666667	795.666666666667	910	1543.33333333333	3722.63739292634
CSNK2A2	87.6666666666667	376.333333333333	970.333333333333	1242.66666666667	1396.33333333333	1215.58912004927
CSPG4P10	1.66666666666667	24.6666666666667	60.3333333333333	61.6666666666667	117.666666666667	192.776885317353
CSTF2	18	119.333333333333	323	421.666666666667	542.666666666667	470.835700539875
CTNNA1	1276.33333333333	4162	10645.3333333333	14024.6666666667	16833.3333333333	20206.2011721621
CUTA	50.6666666666667	200.666666666667	480.333333333333	608.333333333333	925.666666666667	879.710919234689
CYB5B	86.3333333333333	259	536.666666666667	805	889.666666666667	982.476379888485
CYP2J2	0	6	38	39.6666666666667	58	84.4591554789613
CYTH3	71.3333333333333	318.666666666667	829.666666666667	1042.66666666667	1304.66666666667	1292.0329818293
DAAM1	29	181	651.666666666667	1015.33333333333	877	999.482858385451
DCAF4	9.66666666666667	82	229.333333333333	349.333333333333	490.666666666667	557.038536518306
DCLRE1A	16.3333333333333	88	252	349.666666666667	380.333333333333	209.844446396744
DCTD	43.3333333333333	277.333333333333	729	1018	1263.66666666667	1099.63087098977
DCUN1D5	17.6666666666667	163	345.666666666667	488	642.666666666667	422.314504763384
DDB1	342.333333333333	1186	3088.66666666667	3937.33333333333	5541.66666666667	6252.0067892618
DDOST	351	1529.33333333333	3908	4802.66666666667	6995	8164.30561168046
DDX1	72.3333333333333	430.666666666667	1286.66666666667	1658.33333333333	1928	1694.64568407208
DDX10	16.6666666666667	159	464	789	837	506.105727107854
DDX11	65.3333333333333	234	565.666666666667	701	1079.33333333333	1164.92966678734
DDX19A	28	102.333333333333	236	324.333333333333	399	985.637559176548
DDX21	310	1744.66666666667	4115.33333333333	4900.66666666667	4863	4227.19606818862
DECR2	7.33333333333333	46.6666666666667	78	80.6666666666667	141.333333333333	202.106458170121
DENND2A	0	4.66666666666667	9.33333333333333	6.66666666666667	8.33333333333333	6.12174064138109
DENND6B	5.66666666666667	34.6666666666667	70.3333333333333	87.3333333333333	146	186.67105369526
DERA	59.6666666666667	177.333333333333	434.333333333333	492.333333333333	701.666666666667	788.280293187553
DERL1	253.333333333333	1456	3949	5422.66666666667	6927.33333333333	2294.00610068439
DFFA	36.6666666666667	169.333333333333	550.666666666667	724.666666666667	1048.33333333333	731.024122463206
DHRS3	16	147	447	488	631	763.250485713932
DHX35	23	97.3333333333333	252.666666666667	321	497.666666666667	444.962285138646
DHX57	25.3333333333333	134.333333333333	348.333333333333	547.666666666667	590.666666666667	483.045964784502
DKC1	184	754.666666666667	2005.33333333333	2875	3475	2136.74330314044
DNAJC10	176	581.666666666667	1683.33333333333	2245.66666666667	2807.66666666667	2743.424481058
DNAJC11	41.6666666666667	209	520	740	892.666666666667	823.206361278504
DNAJC2	66	270.333333333333	609	841	733.333333333333	820.719048651493
DNAL1	11.3333333333333	41.6666666666667	150	197.333333333333	265.666666666667	191.211392205151
DNPH1	2	42.6666666666667	124.666666666667	113.333333333333	233.333333333333	169.986925569505
DOCK9	109.333333333333	952.666666666667	2823.33333333333	4484.66666666667	4032.33333333333	3846.21043734712
DPCD	4.33333333333333	28.6666666666667	98.3333333333333	121	163.333333333333	169.480174730357
DPH1	27.6666666666667	130.333333333333	221.333333333333	308.666666666667	465.666666666667	495.005552959605
DPH2	30	207.666666666667	578.333333333333	650.333333333333	1107.66666666667	895.450674269247
DROSHA	72	407.333333333333	1040.33333333333	1591.66666666667	1684.33333333333	1462.55988756524
DUS4L	9.33333333333333	51.6666666666667	96.6666666666667	144.333333333333	208.666666666667	159.372008252211
DVL1	119.666666666667	860	2113.66666666667	2396.33333333333	3123.66666666667	3527.71338287531
DYNC1I2	41.3333333333333	327	1024.33333333333	1603.66666666667	1685.33333333333	1816.36298034438
DYNC2H1	16	77.3333333333333	288.333333333333	327.333333333333	394	171.102906101766
DYNC2LI1	8	40.6666666666667	95	145.666666666667	227.333333333333	106.648128442105
DYRK4	5.66666666666667	40	77	114.666666666667	114.333333333333	92.2698409101291
DZANK1	9	30	58.6666666666667	69.3333333333333	84	85.351313649815
EBAG9	40.3333333333333	217.333333333333	628.666666666667	946.333333333333	907.333333333333	526.519448128049
ECHS1	42	217	536	618.666666666667	913.666666666667	1294.22625467337
ECI1	27.6666666666667	158.666666666667	423	383.333333333333	749	685.073017590791
ECSIT	19.3333333333333	99.3333333333333	218	277.333333333333	375	468.993412122088
EDA	0.666666666666667	8.66666666666667	15	17	50	273.516981062778
EEF1DP3	1	13	15	13	16.3333333333333	42.0434745502172
EEF1E1	2.33333333333333	28.3333333333333	65.3333333333333	57	142.666666666667	40.5612312589532
EEF2	2146	9011.66666666667	21423	29679.3333333333	41843.3333333333	44416.7577082569
EHBP1	29.6666666666667	228.666666666667	668.333333333333	1043.33333333333	893.666666666667	560.772251515464
EIF2A	87	497	1286.33333333333	1941	2173	2065.84481541067
EIF2AK4	73.3333333333333	367	1017.33333333333	1553.66666666667	1629.33333333333	1764.64570991277
EIF2B2	17.6666666666667	107.333333333333	263.666666666667	365.333333333333	442.333333333333	224.211990905594
EIF2S1	81	551.666666666667	1635	2488.66666666667	2965	1508.19780817194
EIF2S2	341	1346.66666666667	3732	5583	5838.33333333333	3976.14286005208
EIF2S2P4	8.66666666666667	51	157.666666666667	204.666666666667	230.666666666667	18.1602156039507
EIF3B	148.333333333333	820.333333333333	2139.66666666667	2635.66666666667	3885	4083.89442962926
EIF3E	295.333333333333	1945.33333333333	5599.33333333333	8246	10612.6666666667	5363.29758977359
EIF3H	503	3947.33333333333	10884	15375.6666666667	19145.6666666667	5537.67510754721
EIF3I	122.333333333333	914.666666666667	2206.33333333333	2809.66666666667	3673	3553.67919154673
EIF5A	378	1204.33333333333	2776.66666666667	3356	4546	5715.13477525026
EIF6	101	338.333333333333	781	1099.33333333333	1439.33333333333	1357.15760992786
ELK3	119	459	1063	1955	2084	1721.68572788076
ELMO3	87	302.666666666667	627.666666666667	671	1147.33333333333	1152.27667589952
ELOVL6	11.3333333333333	72.3333333333333	254.666666666667	366.666666666667	492	645.346565277217
ENOX1	0	4	25	39.3333333333333	42.3333333333333	25.718693914757
ENTPD6	68.6666666666667	575	1616	1916	2733	2543.29042024503
EPB41L4A-AS1	19.3333333333333	92	160	147.666666666667	337.666666666667	277.147266381542
EPB41L5	50	361	1074.66666666667	1635.66666666667	1534.33333333333	1276.80530338116
EPHX1	69.6666666666667	361.666666666667	865.666666666667	1300.66666666667	2170	2500.42392227905
ERI3	14.3333333333333	178	456	623.333333333333	967.666666666667	785.225851864056
ERLEC1	92	385	1067.66666666667	1586.66666666667	1798.66666666667	2152.49370378478
ESF1	15.3333333333333	157.666666666667	520.333333333333	950.333333333333	811.333333333333	297.399524647361
ESRRG	0	6.33333333333333	18.3333333333333	48.3333333333333	27.3333333333333	11.1718970536721
ESYT2	671.333333333333	2754.33333333333	7629.33333333333	11383.6666666667	11275	11903.9052918705
EXD2	15.3333333333333	73.3333333333333	191.333333333333	249	353.333333333333	287.465372772109
EXD3	14.3333333333333	61.3333333333333	124.666666666667	160	212.333333333333	257.947924568956
EXOC4	170.666666666667	547	1481.66666666667	2193.66666666667	2403	2227.39289633604
EXOSC7	13.6666666666667	91.3333333333333	220.333333333333	275.666666666667	424.333333333333	289.230241040165
EXT1	124	921.666666666667	2612	4070	6330.33333333333	2624.85432314388
EXTL2	5.33333333333333	29	86.3333333333333	111	177.666666666667	85.1857458054508
FADS3	54	172	417.666666666667	496.333333333333	706.333333333333	1253.92301292054
FAF1	56.6666666666667	413.333333333333	1085	1403	1676.66666666667	1043.83617836363
FAHD2A	19	82	181.333333333333	273.333333333333	452.666666666667	299.652615466233
FAM110C	0	8	22	24	21.6666666666667	23.7638378846096
FAM136A	55.6666666666667	250	641.666666666667	766.333333333333	1116.66666666667	777.614164187984
FAM171B	0.666666666666667	9.33333333333333	32.3333333333333	71.6666666666667	69.6666666666667	14.1646928041884
FAM178B	0	6	20.3333333333333	25.3333333333333	31.3333333333333	15.5608532457756
FAM184A	4.66666666666667	31.6666666666667	115.333333333333	144.666666666667	154	136.271183502671
FAM218A	0	10.6666666666667	21.6666666666667	45.3333333333333	44	17.4240797453169
FAM24B	0	6.33333333333333	18	22.6666666666667	25.6666666666667	22.4330913657643
FAM98B	18	67.3333333333333	194.333333333333	310.666666666667	400	265.154114745184
FANCC	8	36.3333333333333	115.333333333333	184.666666666667	221	173.944556969171
FANK1	0	6.33333333333333	10.6666666666667	14	24.6666666666667	19.4592005730627
FARP1	37	170.333333333333	419.666666666667	590	697	636.800183435183
FASTKD1	20.6666666666667	70	183.333333333333	199	324.666666666667	144.564192658905
FASTKD2	33.3333333333333	185.666666666667	587.333333333333	734	954.333333333333	588.410743212982
FBXL19-AS1	6.66666666666667	30.3333333333333	72.3333333333333	62	85.3333333333333	136.607282957047
FBXO21	34.3333333333333	221.666666666667	651.333333333333	826	1198.33333333333	1080.42109442733
FBXO36	2	22.3333333333333	43	81	91.6666666666667	77.1509881287103
FBXO41	46.6666666666667	190.666666666667	440	535.666666666667	752	817.271866049433
FBXO44	49	163.333333333333	350.333333333333	423	643	785.594532719669
FER	16.3333333333333	115	272	427	441	612.536258243699
FITM2	14.3333333333333	90	274.666666666667	381	481.333333333333	313.757798817666
FKBP10	0	6	21	19	29	21.629631425534
FKBP3	38.6666666666667	205	531	840.333333333333	884.333333333333	669.922849662705
FKTN	22.6666666666667	125.333333333333	333	544.333333333333	608.333333333333	267.0381283216
FLNB	93.3333333333333	3434.66666666667	10300.3333333333	17273.6666666667	16944.3333333333	6594.23771157325
FLYWCH2	9.33333333333333	58.6666666666667	141.333333333333	158.333333333333	216.333333333333	241.74980103484
FOXD2-AS1	2	21.3333333333333	61.6666666666667	92	139.333333333333	85.0926386934429
FRG1BP	11.6666666666667	65	173.666666666667	338.333333333333	290	224.668942495362
FRZB	0	4.66666666666667	6.66666666666667	8.33333333333333	10.6666666666667	4.87319857343374
FTCDNL1	0	11.3333333333333	31	33.6666666666667	39	12.9754157228604
FTSJ1	54	217.666666666667	497.666666666667	632	984.333333333333	912.944049115945
FTSJ3	153.333333333333	490.666666666667	1096	1293.66666666667	1794	1532.43674868136
FZD2	0.666666666666667	9.33333333333333	13.3333333333333	16	21	72.9303148824133
GAMT	6	36.6666666666667	77.6666666666667	105.333333333333	163.666666666667	165.215114206003
GAR1	16.6666666666667	113.333333333333	258.666666666667	318	505.333333333333	271.065429663082
GAS5	236.666666666667	1495	3383.33333333333	3935.66666666667	5971.33333333333	3651.25802048213
GATB	11	73.3333333333333	250.333333333333	307.333333333333	363	383.058479796119
GCFC2	11.6666666666667	70.6666666666667	190.666666666667	292.333333333333	287.666666666667	143.355422343531
GCN1	287	1250	3276.66666666667	3404	5113.33333333333	4872.68769400435
GDPGP1	2.66666666666667	14.3333333333333	42	41.3333333333333	66	68.9478317983267
GEMIN2	6	50	180.666666666667	226	321	139.534218386485
GEMIN4	28	93.3333333333333	243	273	442	482.573609882671
GEMIN6	5.33333333333333	28	88	108	179	129.037516462322
GHET1	0	4.66666666666667	4.66666666666667	5.66666666666667	8	11.6294774188693
GLCE	11	108.333333333333	352	446	539	343.702373894125
GLIS3	16.3333333333333	55.3333333333333	137.333333333333	265.666666666667	231	368.313655582695
GLRX3	50.6666666666667	285	728.666666666667	918.666666666667	1160.66666666667	1336.79786790226
GLRX5	57	196	390.333333333333	417	632	407.524833570538
GMNN	20	75	156	152.666666666667	263.666666666667	245.184136191426
GNL3	83.6666666666667	423.666666666667	1103	1474	1972.66666666667	2126.37051700823
GNPDA2	16	59.6666666666667	144.333333333333	204.666666666667	298.666666666667	118.446588108233
GOLGA6L9	2.33333333333333	20.3333333333333	51.6666666666667	44	66.3333333333333	40.8916888998699
GOLT1B	57.6666666666667	220	517	819.666666666667	1230	872.548381580759
GORAB	16.6666666666667	92	213.666666666667	267.333333333333	272.333333333333	242.175737142764
GPAM	15	152	567.666666666667	734	776	333.456779398467
GPATCH2	13	87.6666666666667	242.666666666667	383.333333333333	401	263.21959113834
GPR180	9.33333333333333	60	149	242	264.666666666667	321.814600567408
GPR89A	17	74.6666666666667	149.666666666667	218	299.333333333333	125.837321952764
GPX4	503	1664	3311.33333333333	4477.33333333333	6186.33333333333	8266.93497058187
GRHPR	60	278.666666666667	746	938.333333333333	1349.66666666667	1257.37515398308
GRPEL1	76	378.666666666667	874	1075.66666666667	1261.33333333333	1132.79283675335
GRSF1	99	407	1025	1315.33333333333	1656	1644.7331258578
GSS	41	239.333333333333	687	798.666666666667	1051.66666666667	991.540899080681
GSTCD	3.33333333333333	43	117.666666666667	182.666666666667	227	114.827592885816
GSTP1	84	481	1287.33333333333	1510	2293	2447.71524417527
GTF2H3	22	148.333333333333	449	643.333333333333	831	341.492358129544
GTF3C3	50	296.333333333333	792.666666666667	1205.33333333333	1245.66666666667	769.802225444186
HABP4	14.3333333333333	78.3333333333333	183	233.666666666667	262	377.792390402949
HACD2	66.6666666666667	411.666666666667	1170.33333333333	1592	1893.33333333333	1449.58979179248
HADH	30.3333333333333	261.333333333333	760.666666666667	1007.66666666667	1280.66666666667	981.964724743346
HAUS2	24	88	231.666666666667	298.666666666667	392.333333333333	300.375724119204
HCFC1	158	569.333333333333	1239	1473	1874.33333333333	3189.68609465583
HDAC11	20.3333333333333	98	258.333333333333	307.333333333333	478	660.68519309416
HDGF	907	2826	5929	8688	9529	8843.99174018201
HEATR1	44	346.666666666667	1035.66666666667	1520.33333333333	1781.66666666667	1053.75375548024
HESX1	0	3.33333333333333	5	10	13.3333333333333	5.16871282707995
HIP1R	164.666666666667	600	1222.66666666667	1260.33333333333	2152.66666666667	3928.27452947557
HLCS	22.3333333333333	156.333333333333	494.666666666667	684.333333333333	832.333333333333	635.852915603208
HLTF	27	234.666666666667	785	1194.33333333333	1387.66666666667	663.62606510917
HNRNPAB	113.666666666667	476	1266.66666666667	1512.66666666667	2296.66666666667	2249.52732458178
HOOK2	74	269	542	540.666666666667	755.333333333333	853.007891160114
HPRT1	35.6666666666667	157.333333333333	420.333333333333	607	780.333333333333	470.692137956229
HRAS	16.6666666666667	101.333333333333	214.333333333333	226	329.666666666667	419.876750641255
HSD17B10	40.6666666666667	145.333333333333	312.666666666667	349.333333333333	505	582.979472254432
HSF2BP	0	5.33333333333333	14	16	16.6666666666667	7.83786035639184
HSP90AB3P	0.666666666666667	10	28.3333333333333	52	50	8.7853013594925
HSPBP1	10	80	204	267	350	351.575043014798
HSPD1	460.666666666667	2016	5922.33333333333	7632	9328	7499.6427373173
HSPE1	6.66666666666667	59.6666666666667	209.333333333333	148.333333333333	346	172.946412670325
IARS2	177	824.333333333333	2379	2878.66666666667	3782.33333333333	3624.62991224243
IBTK	57.6666666666667	353	1042.66666666667	1392.66666666667	1750.33333333333	2318.12051443043
IDH3A	15	77.6666666666667	231.333333333333	306.666666666667	355.333333333333	344.373619344209
IER3IP1	7	37.6666666666667	99.6666666666667	105.333333333333	160	142.358100060612
IFT140	9.33333333333333	62.6666666666667	165.333333333333	176	248.666666666667	237.823517250656
IL20RB-AS1	0	5	16	14.6666666666667	17.6666666666667	6.64704849162282
IL23A	10.6666666666667	57	117.333333333333	131	111.666666666667	526.60946820767
IL31RA	0.666666666666667	8.66666666666667	25	43.3333333333333	57.3333333333333	39.1180829284366
ILVBL	21	88.3333333333333	166	171.666666666667	331.333333333333	395.877565268243
IMMP1L	4.33333333333333	24.3333333333333	61	74	103.333333333333	54.8162965618111
IMP4	56	257	644.333333333333	779.666666666667	1273.66666666667	1212.86325915578
IMPDH2	159.666666666667	576	1483	1925.33333333333	2861.33333333333	2544.468381114
INF2	75.3333333333333	556.666666666667	1561.33333333333	1842.33333333333	2609.66666666667	4059.73093122954
INTS2	26.3333333333333	132.333333333333	398	575	658.666666666667	404.228785023792
IPO5	82	579	1662.66666666667	2502.66666666667	2983.66666666667	2631.52802497436
IQCG	7	32.6666666666667	95.6666666666667	121.333333333333	144	265.591200781316
ITM2C	55	488	1321	1932.33333333333	2322.66666666667	2092.27983649407
JMJD4	3	28.6666666666667	60	66.3333333333333	95.6666666666667	100.614981303462
KCNMB3	2.66666666666667	21	46.3333333333333	44.6666666666667	105.666666666667	94.8488404479886
KCTD11	20	65.3333333333333	110	121.333333333333	185	430.773506752681
KDELR1	131	502	1414	2171.66666666667	2814	2791.76154688203
KDELR3	14	52.6666666666667	93.3333333333333	153.666666666667	201.333333333333	179.167489489865
KDM1A	89.3333333333333	430.333333333333	1067.66666666667	1426.66666666667	1694	1557.80160159923
KIF1BP	50	178.333333333333	400.333333333333	533.333333333333	520.333333333333	497.842140530626
KLF11	37.3333333333333	177.666666666667	294.666666666667	388	422.333333333333	546.062168975911
KLF4	144.666666666667	713.666666666667	1360	1765	1885.66666666667	2439.5704065997
KLF5	95	453	1066.66666666667	1889.33333333333	1609	1595.97857703562
KRT5	0	5.66666666666667	15	19.6666666666667	19.6666666666667	10.770404713551
KRT6C	0	7	12.3333333333333	34.3333333333333	12.3333333333333	3.64668319540639
LARS	131.333333333333	866.666666666667	2573	3451.33333333333	4105	1937.94200042698
LDHA	650.666666666667	1902.33333333333	4081.33333333333	6069.33333333333	7447.66666666667	13559.5737572415
LDHAP4	13	54.3333333333333	97	154.666666666667	182.333333333333	164.56396660093
LDHB	289.333333333333	1793.33333333333	4786.33333333333	6245	8288.66666666667	6930.48120140048
LETM1	54.3333333333333	402.666666666667	1195.66666666667	1325.33333333333	1930.66666666667	1790.48030296682
LINC00638	0	5.33333333333333	10.6666666666667	17.3333333333333	17.3333333333333	8.21019559443093
LINC00944	2	20.3333333333333	25.3333333333333	38.3333333333333	40.6666666666667	96.1122201094412
LINC01006	2	30.6666666666667	73.6666666666667	93	128	121.702632619058
LINC01184	8.66666666666667	65.6666666666667	197.666666666667	298.333333333333	322.333333333333	166.173101233194
LINC01285	0	19	50.3333333333333	83.6666666666667	70.3333333333333	2.57796043506983
LLGL2	57.3333333333333	549.333333333333	1421.66666666667	1351.33333333333	1872.66666666667	2390.42609531241
LMAN1	41.6666666666667	398.333333333333	1255	1955.33333333333	2868.66666666667	3093.78358067673
LRIT3	0	5.33333333333333	11.3333333333333	8.33333333333333	14.3333333333333	16.1529234656231
LRP8	12.6666666666667	48.6666666666667	111.666666666667	162.333333333333	331.666666666667	369.074196578
LRRC56	2.66666666666667	15	42	33.3333333333333	68.3333333333333	87.1108776190381
LRRFIP1P1	1.66666666666667	27.3333333333333	77.3333333333333	112.666666666667	110.666666666667	132.313795438606
LSM4	38.3333333333333	262	654	725	1145	989.33238572436
LSM5	16	94.3333333333333	200.666666666667	271.666666666667	356	205.594846768476
LSS	63	279.666666666667	764.333333333333	957	1200.66666666667	2897.18915101993
LTBP3	169.666666666667	1306.33333333333	3387	4624	6242	8373.83296981286
LTBP4	62.3333333333333	203.666666666667	392.333333333333	445.333333333333	620.333333333333	1191.11136214531
LTV1	18	113.333333333333	276.333333333333	380	453.666666666667	209.929595812479
LUZP1	70.6666666666667	257.333333333333	591.333333333333	847	863	1223.06612916999
LYPD6B	0	5.66666666666667	8.66666666666667	13.3333333333333	17.3333333333333	24.9493719615035
LYRM4	12.6666666666667	75	158.666666666667	249.666666666667	366.666666666667	415.34655236597
LZTS3	7.33333333333333	42	103	98.3333333333333	138	131.038342036249
MAGED1	31.6666666666667	164	445.666666666667	693.333333333333	1025	1329.42339669153
MAGI2	0	15.3333333333333	31.3333333333333	42	49.6666666666667	24.8819140268139
MAGIX	7.33333333333333	35.3333333333333	75.3333333333333	76	111.666666666667	123.183567405144
MAP3K4	66.3333333333333	207.666666666667	414	534	681.333333333333	522.431461918933
MAP4	175.666666666667	990.666666666667	3095.33333333333	4850.66666666667	4937.66666666667	5449.11580426902
MAP9	8	56.3333333333333	195.333333333333	278.666666666667	353.333333333333	222.994080319319
MAPT	5.66666666666667	19.6666666666667	49	59.6666666666667	95.3333333333333	54.7787081878935
MBTPS2	7.66666666666667	71.6666666666667	296.666666666667	400.333333333333	478.333333333333	288.46943505194
MCAT	12	82	113	111.333333333333	176.666666666667	221.711928116473
MCCC1	38	293.666666666667	772.666666666667	961.333333333333	1097.33333333333	1136.78333723227
MCFD2	234.333333333333	895.333333333333	2445.33333333333	3466.66666666667	4047	3790.73866094004
MCM3	70.3333333333333	246.666666666667	696.666666666667	925	1527.66666666667	1013.57646302212
MCTS2P	1.66666666666667	14.3333333333333	21.6666666666667	28	36.3333333333333	34.4049983992837
MDC1	98.6666666666667	373	779	1228.66666666667	1202.33333333333	870.005025712691
MDH2	167	592.333333333333	1488.33333333333	2089	2722	2410.62014532159
ME3	10	52.6666666666667	159.666666666667	221	346.333333333333	314.059647044626
MED19	19	59	151.333333333333	253	252.666666666667	288.711912972499
MEGF8	40	149.666666666667	332.333333333333	355.333333333333	503.333333333333	670.673970773984
MESP1	0	6.33333333333333	13.3333333333333	16	21.3333333333333	10.4334584180655
METAP1	109.333333333333	394.666666666667	1048	1368.66666666667	1642	1261.17931764616
METAP1D	14	67.6666666666667	169	193.666666666667	323.666666666667	128.276386905828
METTL15	11.6666666666667	56.3333333333333	151.333333333333	197.666666666667	229	184.451951376495
METTL16	61.3333333333333	334.333333333333	964.666666666667	1316	1437.33333333333	1545.65530924156
METTL5	18.6666666666667	112	299	386	569.666666666667	323.359690486878
MFGE8	53.3333333333333	295.666666666667	759.333333333333	1123	1588	2014.30845652039
MGMT	8	58.3333333333333	159.333333333333	200.666666666667	327.333333333333	402.488404486888
MICAL3	21.3333333333333	128.666666666667	332.666666666667	452.333333333333	507.666666666667	541.158726946653
MINPP1	6	35.3333333333333	184	216.333333333333	307.666666666667	255.865564029624
MIR100HG	0	5	18	29.6666666666667	44.3333333333333	3.35082099055812
MMAA	2	29.3333333333333	92.3333333333333	140.666666666667	180.333333333333	174.823121902351
MMACHC	2.66666666666667	30.3333333333333	74.3333333333333	120	154.666666666667	107.171093414713
MMP17	9.66666666666667	111	227	351.666666666667	412.666666666667	290.35563342349
MOB1B	28.6666666666667	155.666666666667	503.333333333333	885.333333333333	879	667.791468145307
MORC2	69	237.333333333333	641.333333333333	815	990.333333333333	956.790249576485
MPHOSPH10	68	292	735.666666666667	1244.33333333333	1060	878.481478212141
MPRIP	676.666666666667	3582.33333333333	9438.66666666667	11859.3333333333	14823	11953.6573919355
MRM1	6.66666666666667	37.3333333333333	75	90.6666666666667	176.333333333333	166.788095366778
MRPL18	54.3333333333333	223	620	816	993	704.271786443634
MRPL2	30.3333333333333	125.666666666667	293.333333333333	382.333333333333	535.333333333333	514.371073082004
MRPL24	29	239.333333333333	763	934.666666666667	1338.66666666667	865.493286447042
MRPL36	14	71.3333333333333	198.666666666667	253.666666666667	356.333333333333	355.747709413407
MRPL39	12.6666666666667	113.333333333333	309.666666666667	395	511	364.369143135767
MRPL4	13	95.3333333333333	249.333333333333	295	498.666666666667	480.693560256529
MRPL40	18	98.6666666666667	237	296	414	405.36019522604
MRPL45	17.3333333333333	177	539.333333333333	824.666666666667	950.333333333333	781.491226775557
MRPL47	47	192.333333333333	476	727.666666666667	769	676.378121854762
MRPL48	12.3333333333333	143.666666666667	465.333333333333	591.666666666667	783.333333333333	539.547401537679
MRPL51	84.3333333333333	330.333333333333	760.666666666667	1120.66666666667	1221.33333333333	1141.07675221737
MRPS10	98	430.666666666667	1224.33333333333	1831.66666666667	2155.66666666667	1684.10984769564
MRPS15	94	373.333333333333	844	1078.33333333333	1320	1566.70470184141
MRPS17	0.666666666666667	9.66666666666667	29.3333333333333	34	72.3333333333333	49.6318525560181
MRPS27	24.3333333333333	174.666666666667	510.333333333333	814	1042.66666666667	1101.54668653029
MRPS30	34.6666666666667	142.666666666667	432.333333333333	584.666666666667	793.666666666667	591.836212034201
MRPS9	16.6666666666667	114.666666666667	342.666666666667	519.666666666667	609.666666666667	344.667652882079
MSTO1	29.3333333333333	99.6666666666667	194.333333333333	188.333333333333	363.333333333333	715.768115866173
MTA3	28.3333333333333	140.333333333333	415	636.666666666667	709	628.436939699765
MTAP	11.6666666666667	59.6666666666667	184.666666666667	303.333333333333	335.333333333333	253.125838677671
MTBP	7	73.3333333333333	200.666666666667	249	387.333333333333	58.3202032530414
MTERF3	18	120	352.333333333333	402	515	369.125994606688
MTFP1	0.333333333333333	5	5.66666666666667	17.3333333333333	19.3333333333333	43.547363959555
MTMR2	27	122	305	499	543.666666666667	389.288247573984
MTND4P12	6.33333333333333	75	198.666666666667	264	266.666666666667	39.9201403772395
MYBBP1A	44	290.666666666667	700.666666666667	889.666666666667	1425	1714.88365344784
MYC	104	1103.33333333333	4042.33333333333	7364.33333333333	7543.66666666667	3748.90624899378
MZT1	11.3333333333333	77.6666666666667	161	169.666666666667	277.666666666667	117.346393467034
MZT2B	8.66666666666667	63.3333333333333	106.666666666667	119	188	258.119800925785
NAA20	59	223.666666666667	506.333333333333	644	869.333333333333	688.393451141856
NAA25	28	290.666666666667	876.666666666667	1202	1589.33333333333	1287.38677436995
NAF1	4	64	172.666666666667	272.666666666667	353	260.606838728063
NANOGP9	0	8.33333333333333	27	69.6666666666667	36.3333333333333	17.3793815876737
NAT10	67	312.666666666667	871	1158.66666666667	1466	1062.21419677534
NBEA	4.66666666666667	35.3333333333333	127.666666666667	158.666666666667	160	130.352611657623
NBEAL1	32.6666666666667	120.666666666667	388.333333333333	563	478.666666666667	520.802221786034
NBPF2P	0	4.66666666666667	10.3333333333333	11.6666666666667	17	9.93269412104732
NCBP2	90.3333333333333	479.666666666667	1442.33333333333	1842	2645.66666666667	1617.95252115299
NCDN	30.6666666666667	202.666666666667	568.333333333333	686.666666666667	1073.33333333333	937.433431258974
NCL	685	2930	7309	12309.3333333333	12668	11498.9887077422
NCOA7	121.333333333333	361.333333333333	972	1371.33333333333	1423.66666666667	3090.26650475573
NDC1	20.6666666666667	155.333333333333	472.333333333333	624.333333333333	930	428.851474822572
NDUFA12	49	191.666666666667	518.333333333333	686.666666666667	915.666666666667	830.981686521534
NDUFA8	11.3333333333333	81.3333333333333	246	330.666666666667	414.333333333333	364.703160296188
NDUFAF4	6	62	163.333333333333	243.333333333333	284.333333333333	131.028809747668
NDUFB9	59.3333333333333	562.333333333333	1412.33333333333	1611	2575.33333333333	1289.62052125248
NDUFS5	51.6666666666667	272.333333333333	649.333333333333	939	1255	1072.95627042319
NEDD4	40.6666666666667	192.333333333333	584.333333333333	1047	836.333333333333	587.326248666016
NGDN	68	200	427.666666666667	495	667	665.286871256992
NIPA1	31.3333333333333	154	454.666666666667	607	785.666666666667	1096.30810046004
NIPAL3	80.6666666666667	387	1147	1572.66666666667	2172.66666666667	1957.14274993688
NKRF	12.3333333333333	65	192	260.666666666667	309.666666666667	202.505550595417
NLE1	11.3333333333333	116.333333333333	295.666666666667	354	610.333333333333	337.222728546803
NMD3	76.6666666666667	384.666666666667	1021.66666666667	1451.33333333333	1632	1042.4218682344
NME2P1	0	11.6666666666667	23	14.3333333333333	46.6666666666667	3.16645152143992
NOC2L	100	568	1457.33333333333	1871.33333333333	2577.66666666667	2185.12958686116
NOL10	31.6666666666667	158.333333333333	448.666666666667	617.333333333333	748.666666666667	570.008357840377
NOL11	60	335.333333333333	821	1222	1478.66666666667	926.689366374139
NOL7	74.6666666666667	296	791.333333333333	1008	1134	993.343778625563
NOLC1	111.666666666667	641.666666666667	1693	2544	2914.66666666667	2899.05379938638
NOM1	46.6666666666667	221	520.333333333333	676	964.333333333333	640.95535125225
NOMO1	49	320.666666666667	998.333333333333	1321	1610.33333333333	1570.0031987879
NOP14	40	247.333333333333	686	946.333333333333	1188.33333333333	993.337028109856
NOP2	127	498	1157	1166.66666666667	1628.66666666667	1178.09486616874
NPM1P27	31.3333333333333	130.666666666667	348	573.666666666667	650.333333333333	44.7072322757232
NPM3	15	80.3333333333333	214	245.333333333333	436	289.423171071672
NPRL3	27.3333333333333	164	440.333333333333	624.333333333333	794.333333333333	772.773809757819
NUCKS1	124.333333333333	597.666666666667	1693.66666666667	2860	3210.66666666667	1922.90235074081
NUP205	102	673.666666666667	2066.33333333333	2803.66666666667	3371.33333333333	2559.25615419961
NUP37	18.6666666666667	100.333333333333	236	297	454.333333333333	250.681159756007
NUP54	67	223	530.666666666667	751	859.666666666667	522.039611719004
NUS1	48.3333333333333	232.333333333333	708.333333333333	900.666666666667	1225.33333333333	1185.40341800951
OGFOD1	43	215.666666666667	539	768	911	603.202152549322
OGFOD3	29.3333333333333	157.333333333333	451.666666666667	506.666666666667	741.666666666667	814.670767908102
OLMALINC	2.66666666666667	29.3333333333333	72.6666666666667	119.333333333333	130	167.451709257878
OR2A1-AS1	4.66666666666667	41	143.666666666667	231.666666666667	219.666666666667	98.1064567302125
OR7E38P	10	59.3333333333333	175.333333333333	204.666666666667	305.666666666667	201.486191844986
PA2G4	56.6666666666667	322.666666666667	874	1281	1617.33333333333	1403.8569839479
PA2G4P4	0	14.6666666666667	33	58.3333333333333	75.6666666666667	7.89798102439318
PAAF1	14.6666666666667	141	386	472	670.333333333333	424.270252978517
PABPC4	132.666666666667	622.666666666667	1702.33333333333	2284.33333333333	2819.66666666667	2591.13254486838
PACRGL	10.3333333333333	52.3333333333333	130.333333333333	160.333333333333	231.666666666667	156.079442627381
PAFAH1B3	6.66666666666667	28	55.3333333333333	58	109.333333333333	162.949162652242
PAQR3	26.6666666666667	97.6666666666667	294.666666666667	375.333333333333	544	404.186637618335
PARP1	160	568.666666666667	1544.33333333333	2239	2803	5327.92854451871
PCCB	31	226	655.666666666667	733.666666666667	1157	1033.9508263926
PCDHGA9	0	4	11.3333333333333	17.3333333333333	13	23.589667048199
PCGF1	38.6666666666667	138.333333333333	309	414	452.333333333333	554.453894902445
PCSK4	2	11	18.6666666666667	30	33	83.0477226801322
PCYOX1	56.3333333333333	281.333333333333	1021.66666666667	1410.33333333333	1606.33333333333	2091.63675062677
PDCD11	99.6666666666667	412.666666666667	1018.33333333333	1348.33333333333	1792	1569.56212869962
PDCD2L	0.333333333333333	29	71.3333333333333	81.3333333333333	128	67.944876518353
PDE12	45	137.666666666667	308.666666666667	456.666666666667	522.333333333333	448.761398756856
PDIA3P1	46	136	306.333333333333	453.333333333333	449.666666666667	89.8304453196967
PDLIM1	26	178.333333333333	449.333333333333	661	715	1341.72043735004
PDP1	82.6666666666667	452.666666666667	1373.66666666667	1826.66666666667	2281.33333333333	2897.35818706527
PDZD7	0	3.66666666666667	11	12	44.6666666666667	24.264241422582
PEBP1	60	271.333333333333	645.333333333333	771.333333333333	1043.66666666667	1377.61390477173
PELP1	62.3333333333333	228.333333333333	478.666666666667	591	784.333333333333	848.474542014353
PEMT	7.66666666666667	54.3333333333333	102.333333333333	129.333333333333	225.666666666667	247.284736451131
PEX14	16.3333333333333	92.3333333333333	215.333333333333	296.333333333333	351.333333333333	349.340784010015
PEX7	4.33333333333333	28.6666666666667	64.3333333333333	76.3333333333333	93.6666666666667	58.8269006408936
PFAS	37.3333333333333	140.333333333333	339.333333333333	434	707.333333333333	462.889687192553
PFDN1	61.3333333333333	196.333333333333	467.333333333333	713.333333333333	802.333333333333	742.3801701566
PFDN4	8.66666666666667	81.3333333333333	208.333333333333	322	374.333333333333	202.730175311209
PFKM	25.6666666666667	134	394.666666666667	402	646	536.41774009181
PFKP	58.6666666666667	332.333333333333	961.666666666667	1306	1761	2000.22686233983
PGAP1	16.3333333333333	79.3333333333333	221	352.333333333333	389	261.401318664602
PHLDB3	6.66666666666667	58	128.333333333333	125	141.666666666667	116.766723440532
PHLPP2	14.6666666666667	146	446	528	562.666666666667	708.389246535807
PI4K2A	56.6666666666667	159.666666666667	290	360	463	644.2239438983
PIGR	0	4.66666666666667	21.3333333333333	12	16.3333333333333	17.724262884787
PIGU	19.3333333333333	81	268.666666666667	388	472.333333333333	486.26415860628
PJA1	15.6666666666667	79.6666666666667	203	291	351.666666666667	377.1189063353
PLA2G12A	25.6666666666667	121	396	614	735.666666666667	540.045685817271
PLA2G15	16.6666666666667	102	246.666666666667	302	416.333333333333	450.12804304592
PLAG1	23.3333333333333	93.6666666666667	210.666666666667	337	346.666666666667	268.11911034998
PLEKHG5	12.3333333333333	55.3333333333333	101.666666666667	113	199	367.001901535195
PLEKHH1	2	15	45.6666666666667	59	68	23.8203013009024
PLEKHH2	4.33333333333333	42	115.333333333333	158.333333333333	178.666666666667	125.350854843412
PLK4	0.666666666666667	59.3333333333333	134	198.666666666667	234.666666666667	90.9114122171438
PLRG1	148.666666666667	544.666666666667	1510.66666666667	1872.33333333333	2491.66666666667	1470.38776230954
PLXNA3	108.666666666667	496	1133.66666666667	1174	1642.33333333333	3149.24164185545
PMVK	15	122.333333333333	393.333333333333	429.333333333333	653	475.336311750954
PNPLA4	6.66666666666667	53.3333333333333	124.666666666667	177.666666666667	213.666666666667	163.272557842668
POFUT1	74.6666666666667	542.666666666667	1910.66666666667	2824.33333333333	3388.66666666667	2563.54405890322
POLA1	17.3333333333333	66.6666666666667	185	294.333333333333	308.333333333333	188.533058511941
POLD2	28.3333333333333	210.666666666667	605.666666666667	840.666666666667	1065.33333333333	790.179968833485
POLE4	20.6666666666667	122.666666666667	234.666666666667	251	391	383.768108151005
POLR1B	32	212.333333333333	616.333333333333	889.333333333333	1176.66666666667	657.719659258231
POLR1E	13.6666666666667	173.333333333333	504.666666666667	729.666666666667	977.333333333333	662.537920088602
POLR3B	25.3333333333333	82.6666666666667	193	295	361.333333333333	304.569850472732
POLR3H	27.6666666666667	144	403.666666666667	446.333333333333	695	698.60560851665
POMGNT1	51	298.333333333333	739.333333333333	920.666666666667	1258	1868.42576239677
PORCN	28	111.333333333333	276	315.666666666667	583	665.135807934656
PPDPF	59.6666666666667	541.666666666667	1047.33333333333	1336.33333333333	1896.66666666667	2260.43675174776
PPIA	401	1899.66666666667	4289	5326	7793.33333333333	10489.1972843312
PPIH	25	92.3333333333333	165.666666666667	211.333333333333	293.333333333333	276.880798427269
PPIL3	32.6666666666667	105	256.666666666667	340	445.666666666667	267.915156209869
PPIL6	2	16.3333333333333	36.6666666666667	40	51.6666666666667	22.3776304397558
PPP1R13B	36	166	468	633.666666666667	600	655.076252065459
PPP1R26	13.3333333333333	123.333333333333	373	447.666666666667	627	905.647648698258
PPP5C	35.6666666666667	247	608	870	911.666666666667	662.185057555647
PPRC1	58.3333333333333	297	862.666666666667	1231.66666666667	1407.33333333333	1478.51135833202
PRADC1	7.33333333333333	52.3333333333333	109.666666666667	121.666666666667	180.333333333333	188.795733289458
PRIM2	12.6666666666667	39	101.666666666667	147.666666666667	225	182.189130826042
PRKG2	1.33333333333333	18	49.6666666666667	67.6666666666667	94	53.2692739323219
PRMT1	113.666666666667	482	1076	1384.66666666667	2012.33333333333	2375.79955838285
PRPF19	88.3333333333333	459.333333333333	1318.33333333333	1461	2294.66666666667	2073.57201985373
PRPF40B	10.3333333333333	80.3333333333333	205.666666666667	287.666666666667	306.333333333333	226.050039421561
PRRC1	70.3333333333333	256	701	1132.66666666667	1551.66666666667	1988.04704286036
PRX	2	48.6666666666667	140	220.333333333333	254	212.257271814705
PSEN2	13	71.3333333333333	177.333333333333	218.333333333333	339	321.411565554772
PTDSS2	29.6666666666667	100	232	234.333333333333	426.333333333333	543.857676705243
PTPDC1	6.66666666666667	48	147	231.666666666667	250.666666666667	177.267464340191
PUS1	27	143.666666666667	289.333333333333	346.666666666667	612	413.289511855033
PVR	121	522	1401.66666666667	2088.66666666667	2412.66666666667	1556.82793459593
PVT1	10	121.333333333333	279.666666666667	338	571	121.435958333206
QRSL1	20.6666666666667	95.3333333333333	240.333333333333	340	378.666666666667	248.587530010054
RAD1	34	138	336.333333333333	403	576.333333333333	653.959455920378
RAD21-AS1	0	8.33333333333333	26.3333333333333	44.6666666666667	28.3333333333333	4.90019226786747
RAD23A	65.3333333333333	335	830.666666666667	1219.66666666667	1517	1033.18351845375
RAD51	0	13.3333333333333	24	34.3333333333333	53	29.4461479208319
RAD51C	8.66666666666667	62.6666666666667	158.666666666667	199.333333333333	247.333333333333	137.545873767664
RANGAP1	159.333333333333	623	1211.33333333333	1180	1835.33333333333	2504.54466568294
RARS	105	357	818.666666666667	1043	1310.33333333333	1367.9504400598
RCCD1	7.33333333333333	48.3333333333333	105	114.333333333333	211.333333333333	144.761980089034
RDH11	66.6666666666667	321.666666666667	982.666666666667	1419.33333333333	1698.33333333333	982.623911329014
RDH13	13	60.6666666666667	135	146.333333333333	242.333333333333	261.414670031314
RDH14	5.66666666666667	27.6666666666667	86	106.333333333333	157.333333333333	182.21232084088
RDH16	0	4.66666666666667	9	9.33333333333333	11.3333333333333	27.1378466127673
REXO2	37.6666666666667	189	465	571.333333333333	766.333333333333	565.526341775927
REXO4	23	106.666666666667	284.333333333333	377.333333333333	501.666666666667	538.963397837549
RFC4	20.3333333333333	106.666666666667	235	320	448.666666666667	211.90404196293
RFK	13	49	136.666666666667	187.666666666667	251.333333333333	191.83297897421
RIMS3	15.3333333333333	58.3333333333333	121.333333333333	177.333333333333	408.666666666667	734.073862877861
RIOK1	40.6666666666667	212.666666666667	565.333333333333	796	889.666666666667	581.231149444377
RMDN3	33.3333333333333	165	512.333333333333	567.333333333333	812	745.803820028227
RNASEH2A	10.6666666666667	46.6666666666667	101.666666666667	106	180.666666666667	139.03666877188
RNF187	131	901	2751.33333333333	3157	4537	2903.9478937082
RNF215	21.6666666666667	68.3333333333333	98.6666666666667	97.6666666666667	211.666666666667	243.216428099547
RNF217	13	53	147.666666666667	201.666666666667	206	155.064153961367
RNF39	25.3333333333333	135.333333333333	344	366.666666666667	464.666666666667	940.284042424705
RNH1	149.666666666667	612.666666666667	1390.33333333333	1660.33333333333	2136.66666666667	2538.31597622898
ROMO1	39.3333333333333	135	279.666666666667	306	527.666666666667	647.710331123912
RP9	8.33333333333333	36.6666666666667	64.6666666666667	108.333333333333	124.333333333333	130.798883058127
RPAP1	32	168.666666666667	411	438.333333333333	606	600.588315779149
RPGRIP1L	5.33333333333333	41.3333333333333	116	179.333333333333	165.666666666667	94.8700668426349
RPL10A	606.333333333333	2945.33333333333	6694	8508.66666666667	12205.6666666667	9616.75463750218
RPL12	994.666666666667	4489.66666666667	9884.66666666667	15676.3333333333	18992.6666666667	16553.885027647
RPL22L1	30.6666666666667	110	237	264.333333333333	388	319.058338050768
RPL23A	320.666666666667	2146.66666666667	5094	11025	10698.3333333333	7982.02688674848
RPL24	445.333333333333	2010	4549.66666666667	5976	8657.66666666667	8851.32432304866
RPL26	111.333333333333	469.333333333333	1199	1211	2269.33333333333	1739.24276363631
RPL26P19	27.6666666666667	162	353.666666666667	421.666666666667	684.333333333333	24.7561584107928
RPL27	785.333333333333	2518.66666666667	5495.66666666667	8209.33333333333	10293.3333333333	9527.91138218494
RPL35	333.666666666667	1593	3185	4053.33333333333	5634	5617.59672686021
RPL35A	594	2148.66666666667	4958.66666666667	6556	9325	8511.78650716974
RPL37A	730	3384	7663.33333333333	9802	14608	13871.6176922769
RPL8	988	3644.66666666667	7992.33333333333	9776.66666666667	14904.6666666667	24281.7188048168
RPLP0	804.333333333333	6713	16704.3333333333	20368.3333333333	32157.3333333333	30430.7128794548
RPLP0P6	39.6666666666667	282.333333333333	718.666666666667	1014.66666666667	1448.33333333333	147.253819086667
RPN2	344.333333333333	1221	3030.33333333333	4137.33333333333	5402.33333333333	6239.84158600675
RPS18	867.333333333333	7138.66666666667	17650.6666666667	23507.6666666667	34542	31031.6995219422
RPS2	1222.66666666667	4888.33333333333	9984.33333333333	13039.6666666667	18711.6666666667	25245.8178783481
RPS21	255.333333333333	1576.66666666667	3519.66666666667	4247.66666666667	6581.33333333333	6476.89221027714
RPS28P7	11.3333333333333	175	348	498.666666666667	719.666666666667	60.4771605252141
RPS3	1696	7532.66666666667	18042	22270	36364.3333333333	33699.3808496
RPS5	401.666666666667	1986	4505	5566	8450	8947.4837286295
RPS8	891	3593.33333333333	8364	9368.66666666667	15146	15155.1187161295
RPTOR	34.6666666666667	196	508.666666666667	625	827.666666666667	746.066804419138
RPUSD4	32	109.666666666667	265.666666666667	289.666666666667	571.333333333333	504.785146242062
RRAS	5.33333333333333	145	348.333333333333	465	664	657.438202801373
RRM1	27.6666666666667	144	397.666666666667	526.333333333333	679.666666666667	488.205068057759
RRN3	61	365.666666666667	1057	1418.66666666667	1482.33333333333	880.814182768935
RRP1B	48.6666666666667	298.333333333333	804.333333333333	1191.33333333333	1408.33333333333	1060.94782126715
RRP9	18.6666666666667	120	295.333333333333	323	532.666666666667	468.415471723053
RSL1D1	115.666666666667	1009.33333333333	2920	4851.66666666667	4684.66666666667	3689.77014592182
RTCB	56.3333333333333	291.333333333333	836.333333333333	1030.66666666667	1472	1435.29676722512
RUFY3	22.3333333333333	127.666666666667	306.333333333333	423.666666666667	487.666666666667	533.91439109299
RUSC1	30	112.666666666667	257	282.666666666667	484.666666666667	840.461231921747
RWDD2B	7.33333333333333	72.3333333333333	193	276.666666666667	358	288.10718470071
SAE1	90.3333333333333	474	1032.33333333333	1388.33333333333	1766.33333333333	1271.74471360225
SBDS	135	702	1428.66666666667	1950.33333333333	2026.66666666667	1189.43692610616
SCCPDH	36.6666666666667	197.333333333333	598	658.333333333333	929.333333333333	896.272844897002
SCFD2	10	87	268.333333333333	396	513	359.725128563359
SCOC	54.3333333333333	253.333333333333	670.333333333333	970	1267.66666666667	695.897490247787
SEC14L2	0.666666666666667	20.3333333333333	49.3333333333333	71.6666666666667	111.333333333333	145.52812175886
SEC22A	17.6666666666667	88.3333333333333	208.666666666667	222.333333333333	351.666666666667	284.469993451999
SEL1L3	138	734.666666666667	2427	3201	3965.66666666667	2815.78205624397
SEMA4F	14.6666666666667	81.3333333333333	185.333333333333	226.333333333333	344	405.427483084016
SERBP1P5	10	31.6666666666667	85.6666666666667	156	146.666666666667	5.91366837941795
SERHL	0.333333333333333	6.33333333333333	8.33333333333333	9	24.6666666666667	23.6763682348971
SERPINA3	0	6	13	6.66666666666667	34.6666666666667	7.96207743354504
SERPINB6	112.666666666667	376.666666666667	940.333333333333	1319	1629	1439.06550444913
SERPINI1	2.66666666666667	16.6666666666667	45.6666666666667	55.6666666666667	76.3333333333333	45.5163138032441
SFN	84.6666666666667	270.333333333333	411	545.333333333333	772.666666666667	2096.92658269786
SH2D3A	36.3333333333333	311	868.666666666667	1275	1350.33333333333	1605.59681086842
SHMT2	34.6666666666667	203.333333333333	585	771	1184.66666666667	907.751858653086
SHQ1	17	92.3333333333333	256.333333333333	361	458.333333333333	435.015296591396
SHTN1	20	122.333333333333	324.333333333333	602	550	381.361113344095
SKA2	13	152	404	570	616	291.919207848628
SLC25A15	2.33333333333333	29.3333333333333	68	88.6666666666667	126	82.7567359179833
SLC25A26	11.3333333333333	84.6666666666667	308.666666666667	355.333333333333	525	562.574946098328
SLC25A32	29	116.666666666667	309.333333333333	375	470	341.225332312627
SLC25A36	86.3333333333333	422.666666666667	1090	1508	1647.66666666667	1219.20021122895
SLC25A5	243.333333333333	1181.33333333333	3312	3496.66666666667	5724.33333333333	5280.98990283127
SLC29A2	14.6666666666667	65.6666666666667	128.666666666667	226.666666666667	240	261.621936383519
SLC2A8	5.33333333333333	31.3333333333333	47	58	99	135.244070040294
SLC35D2	30	182.333333333333	406	548.333333333333	677.333333333333	518.342814774205
SLC39A11	33.3333333333333	113.666666666667	299.333333333333	428.333333333333	635.333333333333	671.89011215807
SLC39A4	6.66666666666667	50.3333333333333	98.6666666666667	110.666666666667	189.333333333333	354.833259789051
SLC41A1	31.6666666666667	117	282.666666666667	443	519	633.594421121333
SLC41A3	24.6666666666667	233.333333333333	725.333333333333	844.333333333333	1182.66666666667	971.894298255224
SLC4A4	4	33.6666666666667	102.666666666667	143.333333333333	187	67.7088744880511
SLC50A1	64.6666666666667	303	774	1112.33333333333	1635.66666666667	1985.8653328672
SLC5A6	35.3333333333333	186.333333333333	480.333333333333	549.333333333333	905.666666666667	857.477106984672
SLIRP	36.6666666666667	154.333333333333	336	379	548	376.098490883177
SLITRK5	0	5.33333333333333	17.3333333333333	28.6666666666667	38	34.1091893844765
SMAGP	36.3333333333333	142.333333333333	341	458.333333333333	643.666666666667	440.066425616333
SMARCA4	258	925.666666666667	2206	2707	3182.33333333333	3040.8717357907
SMN1	7.33333333333333	47	116	101.333333333333	137.333333333333	90.7915462143967
SMN2	2.66666666666667	13.3333333333333	29.3333333333333	52	84.6666666666667	41.1586638745083
SMPD4	108.666666666667	456.666666666667	1008.66666666667	1311.33333333333	1734	1597.66122379741
SMYD3	7.33333333333333	140.333333333333	408	524.666666666667	727	340.061954978528
SMYD5	31	233	548.666666666667	739.333333333333	1198	1107.51199388833
SNHG1	163.333333333333	884	1598.66666666667	1743.33333333333	2362.33333333333	1445.83199209068
SNHG15	37.6666666666667	160.333333333333	303	343	537.333333333333	510.381042553084
SNHG17	38.3333333333333	165.333333333333	328	256.666666666667	483.666666666667	344.566881991318
SNHG5	105.666666666667	860.333333333333	1653.66666666667	1666.33333333333	2734.66666666667	2017.75084531256
SNHG8	44.6666666666667	289	581.666666666667	634	1057.66666666667	908.17331015396
SNORD3A	1.33333333333333	21.3333333333333	19	13.3333333333333	18	13.6270577939516
SNRNP40	55.3333333333333	205	541.333333333333	675	922.666666666667	631.390209872938
SNRPD2	84.6666666666667	437	1009.66666666667	1370	1869	1343.65023154209
SNRPE	56.3333333333333	208	484.666666666667	551.333333333333	901.333333333333	576.493906290167
SNTB1	138.333333333333	858.333333333333	3070	4450	4828.66666666667	2220.68906804005
SNU13	130.333333333333	541.333333333333	1278.33333333333	1593.66666666667	2289	2132.85859623332
SNX5	123.666666666667	496.666666666667	1303.33333333333	1747.66666666667	2270	1119.33723394851
SOCS7	56.3333333333333	250.333333333333	837.666666666667	1029	1257.33333333333	1173.81567852178
SOD1	91.3333333333333	465.666666666667	1053	1252.66666666667	1860	1945.86224826727
SPAG16	3.66666666666667	45.6666666666667	140.666666666667	224.333333333333	272	140.707741257789
SPATA20	28.6666666666667	186	465.333333333333	549	810.333333333333	769.547070333085
SPDYE3	5	39.6666666666667	104.333333333333	160	142.666666666667	124.643530669353
SPINT1	302.666666666667	1581.66666666667	4680.66666666667	5529	8561	11944.7890777187
SPRED3	2	13	46	60	60.3333333333333	65.2716563725147
SPRYD7	9.66666666666667	57	180.666666666667	214.666666666667	242.666666666667	163.77897228507
SRD5A3-AS1	1	16	28.6666666666667	47.3333333333333	42.3333333333333	54.2658332486312
SRP72	195	821	2306.33333333333	3814	3897.33333333333	2984.80435844039
SSB	92.6666666666667	463.666666666667	1286	2024	2079	1269.28625659007
SSBP1	93.6666666666667	456.666666666667	1272.33333333333	1578.66666666667	2058	1843.94774408176
STARD7	130.666666666667	674.333333333333	1965.66666666667	2501.33333333333	3280.66666666667	2640.04969573482
STPG1	7.33333333333333	52	129.666666666667	169.666666666667	235.666666666667	144.599044307424
STRAP	159.666666666667	901	1983.33333333333	2522.33333333333	3102	2300.63828040297
STS	94	337.666666666667	968.666666666667	1493.66666666667	1650.66666666667	3263.19603385512
STX18	48.6666666666667	164.333333333333	340.666666666667	461.333333333333	588	742.901233081795
SUCLA2	16	131.666666666667	324.666666666667	434.666666666667	527	406.781228094931
SUCLG2	33.3333333333333	334	1000.66666666667	1519	1977.66666666667	2235.70285818686
SUMO3	76.3333333333333	487	1366.33333333333	1896.33333333333	2360	1899.99641111782
SUN1	129.333333333333	535	1451.33333333333	1751.33333333333	2592.33333333333	2745.3449117338
SUPV3L1	38.6666666666667	172.666666666667	409.666666666667	588.666666666667	636.666666666667	506.520686329293
SYNCRIP	257.666666666667	848	2130.66666666667	3120.33333333333	3631.33333333333	2059.12058779339
TADA2A	14	89	230	302.666666666667	385.666666666667	297.662952323853
TAF4B	13.3333333333333	84.6666666666667	227	402.333333333333	475.666666666667	338.425955184395
TAF5L	73	285.666666666667	606	833.666666666667	980.333333333333	1001.44655475528
TASP1	20.6666666666667	129.333333333333	356.333333333333	454	529	293.970259203423
TATDN1	16.6666666666667	218.333333333333	582	951.666666666667	1036	274.042203501856
TBC1D8B	7.66666666666667	35.3333333333333	98.6666666666667	172	139	214.992817488901
TBC1D9	20.3333333333333	165.666666666667	512.666666666667	678.333333333333	767.333333333333	759.96525614774
TBCEL	16.6666666666667	112.333333333333	283.666666666667	405	513	380.289225091479
TBL2	33	157.666666666667	363.333333333333	522.333333333333	642.666666666667	851.101208971806
TCAF1	10.3333333333333	89	286.666666666667	335.333333333333	507.333333333333	544.362887322599
TCAF1P1	0.333333333333333	13	29.3333333333333	41	44.6666666666667	48.9766033719028
TCEA1	146.333333333333	666	2100.33333333333	3282.66666666667	3440.33333333333	1464.2736243522
TCEAL1	4	23.3333333333333	70.6666666666667	79	137.333333333333	163.979120400786
TCEAL8	10	51.3333333333333	150.333333333333	241	286.666666666667	330.952779579466
TCOF1	176.333333333333	544	1057	1444	1842.33333333333	1718.52879481391
TCTN3	12	121.333333333333	454.333333333333	590	686.333333333333	606.573020367236
TEKT4P2	0	4.66666666666667	17.6666666666667	22.6666666666667	33.6666666666667	24.9445945956243
TFRC	112.666666666667	1096.33333333333	3323.66666666667	4512.33333333333	6142	5791.33241935706
THOC3	4.66666666666667	57	110.666666666667	122	208.333333333333	103.515634720859
TIMELESS	26.3333333333333	116	253	281.666666666667	491	430.011356011167
TIMM17A	60.6666666666667	202.333333333333	504	631.666666666667	948	1079.17267426923
TIMM21	9.33333333333333	70.3333333333333	181.666666666667	230	308.333333333333	223.240630570221
TIMM50	30.6666666666667	155.333333333333	424.666666666667	425	736.333333333333	564.162570347126
TIMM8A	11.3333333333333	61	154.666666666667	165	246.333333333333	121.962363765987
TIMM8AP1	0	3.33333333333333	4.66666666666667	8.33333333333333	15.6666666666667	25.521484535528
TIPIN	2	26.6666666666667	91.3333333333333	126.333333333333	154	76.2090108738401
TMCO4	20.3333333333333	138.333333333333	379	410.666666666667	566.333333333333	472.184230116334
TMEM102	3.66666666666667	16.3333333333333	33.3333333333333	32.6666666666667	68.6666666666667	198.39179243389
TMEM109	53.3333333333333	207.333333333333	617	939.666666666667	1413	1962.58377723337
TMEM120B	27	102.333333333333	292.666666666667	361.333333333333	587.666666666667	499.779335142109
TMEM126A	12.6666666666667	53	152	155.666666666667	235.333333333333	151.564115205563
TMEM135	8	62.3333333333333	176.666666666667	264.333333333333	334	230.409391875715
TMEM147	17.6666666666667	134.666666666667	304.333333333333	331.333333333333	570.666666666667	474.000920479451
TMEM14C	63	237.666666666667	657.666666666667	703.333333333333	1123	968.312720882412
TMEM161A	13.3333333333333	50	114.666666666667	153.666666666667	227	237.674216216161
TMEM182	2	24.6666666666667	90	127.666666666667	152.666666666667	90.9119854933757
TMEM206	14.6666666666667	64.3333333333333	143	177.333333333333	246.666666666667	183.658507807803
TMEM237	1.33333333333333	63.6666666666667	179.666666666667	211	278.333333333333	160.339519255154
TMEM245	89	403	1404.33333333333	2056.66666666667	2203.66666666667	2048.48862440087
TMEM254	15	92.3333333333333	305	417	504.666666666667	142.711596307868
TMEM256	2.33333333333333	13.6666666666667	28.6666666666667	23	52.6666666666667	58.7082794431609
TMEM9	40	174.333333333333	499.666666666667	537.666666666667	900	1069.53262904706
TMTC2	28.6666666666667	96	250.666666666667	340.333333333333	433	1069.03202818618
TMTC3	21.6666666666667	139	359.666666666667	519.333333333333	599	403.452819268323
TOMM20	166	762	2149	2921	4150	2960.92366528746
TOMM22	29.3333333333333	140	360.333333333333	502.666666666667	655.333333333333	926.540391669192
TOMM5	2.66666666666667	21	47.6666666666667	95.3333333333333	97	35.8269771321984
TONSL	5.33333333333333	38.6666666666667	95.3333333333333	100	176.666666666667	265.887094777543
TOP1MT	17.3333333333333	68.3333333333333	134.333333333333	215.333333333333	319.666666666667	553.485265411977
TP53	56.3333333333333	300.666666666667	838	1204.66666666667	1421	1618.18092969768
TPCN1	121.333333333333	909.666666666667	2434	2753.33333333333	3853.33333333333	4952.86478037411
TRAF3IP1	10	90	254.333333333333	351.666666666667	348.333333333333	390.986191243143
TRIM32	8	47.3333333333333	140.666666666667	172.333333333333	229.666666666667	258.656346001422
TRUB1	8.66666666666667	55.6666666666667	175.333333333333	253.333333333333	329.666666666667	252.174176328592
TSEN15	25	145.333333333333	557.333333333333	658.666666666667	930.666666666667	288.653833445774
TSN	160.666666666667	621.666666666667	1748.66666666667	2416.66666666667	3006.66666666667	1913.24697606053
TSPAN17	63.3333333333333	279.333333333333	739	823	1384.33333333333	2188.33943300077
TSPAN9	6.66666666666667	52.3333333333333	153.666666666667	207.666666666667	311.333333333333	318.337505993211
TSPYL2	158.333333333333	663	896	966	904.666666666667	1648.48166487033
TSR2	95.3333333333333	321.333333333333	644	940	1276.33333333333	1034.20160429316
TTC19	74	355	1026.66666666667	1344.66666666667	1734	1330.22623128818
TTC27	17.6666666666667	164	450	581.666666666667	800.333333333333	606.21699153319
TTC30A	3.33333333333333	21.6666666666667	76.6666666666667	101.333333333333	144.666666666667	103.93976715863
TTLL11	4	33.3333333333333	81	113.333333333333	136.666666666667	74.5080158551333
TUBE1	19.6666666666667	138.666666666667	461	645.333333333333	584.333333333333	232.446439391165
TUBGCP5	22.3333333333333	120	327.666666666667	404	519.333333333333	412.588692492783
TYMS	1	12.3333333333333	24	31.6666666666667	43.6666666666667	27.8730571956827
TYW3	13.6666666666667	94	281	379.666666666667	511.333333333333	467.830463861922
UBA6-AS1	10.3333333333333	65.6666666666667	168.333333333333	206.333333333333	279	250.900680653661
UBE2E3	157.666666666667	595	1392.66666666667	1800.33333333333	2186.66666666667	1417.91562980822
UBFD1	36.6666666666667	182	537	711.666666666667	970.333333333333	1249.43993945868
UFSP2	20	80.3333333333333	245.666666666667	293	344.333333333333	335.766282183669
UHRF1BP1	54	280	864.666666666667	1178.33333333333	1175	1201.68594091742
UMPS	14.6666666666667	123	427	473.333333333333	822.666666666667	620.42341181798
UNG	13	86	287.666666666667	429.666666666667	704	524.718899307555
UPF3B	55	183.666666666667	449	719.333333333333	652	569.697319001346
UPRT	13.3333333333333	41	87.6666666666667	117.666666666667	160.666666666667	176.942839800496
UQCC3	5.66666666666667	31	59	64	107.666666666667	66.2333487110333
UQCRH	79	369	847.666666666667	1188	1404.66666666667	1368.6312801695
URB1-AS1	4.66666666666667	21.3333333333333	71.3333333333333	85	110	79.3305361978008
URGCP	18.6666666666667	160	393.666666666667	514.666666666667	629	711.957585554503
URI1	67	262.333333333333	685.666666666667	1023.33333333333	1174	794.438946315774
USP14	28	134	408.333333333333	606	762.666666666667	953.422346931589
USP40	20.3333333333333	289	864	1104	1223.33333333333	790.446521332985
USP5	70.3333333333333	414.666666666667	1156.66666666667	1518	1990.66666666667	2185.65750011714
UST	4	33.6666666666667	99	145.666666666667	176	167.642635317375
UTP15	13	98.3333333333333	298.666666666667	426	487.666666666667	364.381255143731
UTP23	89.3333333333333	401.333333333333	1101	1752	2123.33333333333	557.402826012789
UTP3	53	194.666666666667	577.333333333333	725.333333333333	881	744.781636050206
UXS1	57.3333333333333	300	851	1356.33333333333	1567.66666666667	1703.95030331576
VAMP8	71.3333333333333	347	884.666666666667	1224.66666666667	1537.66666666667	2614.31859529939
VARS2	44.3333333333333	231	561.666666666667	636	1055	856.848055789087
VDAC1	76.6666666666667	320.666666666667	951.666666666667	1265.66666666667	1724	1661.7228505349
VEPH1	0.666666666666667	11.3333333333333	31	41.6666666666667	36.6666666666667	65.333610676017
VGLL4	24	111.333333333333	327.666666666667	506.666666666667	604.666666666667	659.152578821666
VMA21	33.3333333333333	134.333333333333	404	604.666666666667	840.666666666667	535.63467197487
WDR12	20	172.666666666667	561.333333333333	775	936	453.058811757235
WDR3	47.3333333333333	303.333333333333	876.333333333333	1373.33333333333	1677.33333333333	950.16786761568
WDR36	43.6666666666667	229	649.333333333333	949.666666666667	1219.33333333333	866.373785363684
WDR4	7.33333333333333	66.3333333333333	179	224.666666666667	398.333333333333	385.884699379358
WDR46	84.6666666666667	330.666666666667	664.666666666667	799.333333333333	1125	1188.02049635674
WDR60	20.6666666666667	165	504	754.333333333333	614.333333333333	878.845519358421
WDR74	55.6666666666667	256.666666666667	553.333333333333	570.666666666667	876.666666666667	774.090220936006
WDR76	6	28	80.6666666666667	124	166.333333333333	77.0178892339322
WDR90	11	73.6666666666667	149.333333333333	140.666666666667	345.333333333333	537.829681323533
WEE1	17.3333333333333	92.6666666666667	249.666666666667	304.666666666667	358.333333333333	275.505215316856
WTIP	0	4	4	5	19	15.2328480115292
WWOX	5.33333333333333	45	93	125	185.333333333333	198.286403566967
XPO5	50.6666666666667	451	1460.66666666667	2084.33333333333	2172.33333333333	1106.52288676001
XPOT	180.333333333333	1336.66666666667	4429.33333333333	6436.66666666667	6699.33333333333	3532.88432374694
XYLB	2	27.3333333333333	92.6666666666667	121.333333333333	147.333333333333	98.1274469455282
YARS2	6	77	193	188	369.666666666667	347.171822365323
YRDC	68	227	493	458	764	844.801404498056
YWHAQ	266	892	1940.66666666667	2690.33333333333	3352.66666666667	3222.91388213349
ZBTB11-AS1	5	22	45.3333333333333	56.6666666666667	85.3333333333333	49.4055230945822
ZBTB12	1.66666666666667	11.6666666666667	36.3333333333333	31	63.3333333333333	39.3255838492924
ZBTB41	19.3333333333333	94.3333333333333	235.666666666667	416.666666666667	541.333333333333	439.943861407193
ZBTB5	44.3333333333333	137.666666666667	329.333333333333	327	532.666666666667	768.621244795701
ZCCHC4	12.6666666666667	64.6666666666667	163.666666666667	215.666666666667	285.333333333333	169.097566809162
ZDHHC16	38.3333333333333	124.333333333333	276	364.666666666667	496.333333333333	681.67239200546
ZDHHC4	9.66666666666667	62.3333333333333	182.333333333333	201.666666666667	299.333333333333	240.876368399226
ZFAND1	40	328.666666666667	896.333333333333	1396.66666666667	1510.33333333333	888.668012421597
ZFP2	0	6	9.66666666666667	15.3333333333333	10.3333333333333	9.91304897492734
ZFP30	5.33333333333333	29.3333333333333	124	140	199	139.73778008728
ZFP64	10	66.6666666666667	150	230.666666666667	279.666666666667	409.94664082067
ZHX1	83	827.333333333333	2354.66666666667	3906	3561	858.022945258338
ZHX3	15	136	528	717	889	945.586903166888
ZKSCAN2	5	32.3333333333333	87.3333333333333	107.666666666667	129.333333333333	139.190600309418
ZMYND19	15.3333333333333	76.3333333333333	225.666666666667	189	346	370.154621936677
ZNF114	0	6	19.6666666666667	34.6666666666667	42.6666666666667	33.0818532249449
ZNF121	34	161	364	381	573.333333333333	368.2982864367
ZNF135	3.33333333333333	43.6666666666667	119.333333333333	148.333333333333	171	162.430324636197
ZNF23	1.33333333333333	10	20.3333333333333	22	30	28.8055096280176
ZNF268	28	120.666666666667	349	517.333333333333	466	346.872763781869
ZNF280C	8	40.6666666666667	120.666666666667	270.666666666667	209.333333333333	105.875467035831
ZNF331	35.3333333333333	166.666666666667	325.666666666667	367	438.666666666667	594.449360238526
ZNF391	5.33333333333333	37	90.3333333333333	140	164	102.841233641392
ZNF425	8	42.6666666666667	101	136.333333333333	155.666666666667	111.159196163823
ZNF470	7.33333333333333	53.6666666666667	122.666666666667	167.666666666667	204.666666666667	189.3354451912
ZNF512B	61.3333333333333	404.333333333333	1036.33333333333	1375.66666666667	1950.66666666667	2186.39535872575
ZNF525	23.3333333333333	99.6666666666667	246	307.333333333333	415.666666666667	269.632292276487
ZNF579	3.33333333333333	28.6666666666667	48.3333333333333	68.3333333333333	110	127.230947198466
ZNF639	52	209.333333333333	470.333333333333	711	766.666666666667	586.928490449417
ZNF665	2.33333333333333	15.6666666666667	35	40.3333333333333	59	47.4641487781385
ZNF726	0	6.66666666666667	22	35.6666666666667	45.3333333333333	44.2547716809962
ZNF749	4.66666666666667	25.3333333333333	59	71	105.333333333333	79.0207597958254
ZNF774	0.666666666666667	12.3333333333333	47.3333333333333	70	71.6666666666667	60.3926100091382
ZNF876P	1.66666666666667	12.6666666666667	29	37.3333333333333	45.6666666666667	21.5515003947102
ZNHIT6	18	232	830.666666666667	1546	1525.66666666667	633.238394195373
ZNRF3	4.66666666666667	33.6666666666667	94	139.666666666667	194.666666666667	184.924474572236
ZPR1	70.3333333333333	283.666666666667	693.666666666667	967	1212.66666666667	1034.76566022625
ZWILCH	8.66666666666667	52	124	154.666666666667	190.333333333333	129.709849235984
ZXDB	10.6666666666667	73.6666666666667	198.666666666667	303.666666666667	353	371.714663154183
